"id","kind","module","title","owner","execution","reason","delivery","authority"
"M01-HT-01","MODULE_HT","M01","Expanded module acceptance criterion","S03_MANAGER","NOT_RUN","NOT_DIRECTLY_EVIDENCED","partial","pending"
"M01-HT-02","MODULE_HT","M01","Expanded module acceptance criterion","S03_MANAGER","NOT_RUN","NOT_DIRECTLY_EVIDENCED","partial","pending"
"M01-HT-03","MODULE_HT","M01","Expanded module acceptance criterion","S03_MANAGER","NOT_RUN","NOT_DIRECTLY_EVIDENCED","partial","pending"
"M01-HT-04","MODULE_HT","M01","Expanded module acceptance criterion","S03_MANAGER","NOT_RUN","NOT_DIRECTLY_EVIDENCED","partial","pending"
"M01-HT-05","MODULE_HT","M01","Expanded module acceptance criterion","S03_MANAGER","NOT_RUN","NOT_DIRECTLY_EVIDENCED","partial","pending"
"M01-HT-06","MODULE_HT","M01","Expanded module acceptance criterion","S03_MANAGER","NOT_RUN","NOT_DIRECTLY_EVIDENCED","partial","pending"
"M01-HT-07","MODULE_HT","M01","Expanded module acceptance criterion","S03_MANAGER","NOT_RUN","NOT_DIRECTLY_EVIDENCED","partial","pending"
"M01-HT-08","MODULE_HT","M01","Expanded module acceptance criterion","S03_MANAGER","NOT_RUN","NOT_DIRECTLY_EVIDENCED","partial","pending"
"M01-HT-09","MODULE_HT","M01","Expanded module acceptance criterion","S03_MANAGER","NOT_RUN","NOT_DIRECTLY_EVIDENCED","partial","pending"
"M01-HT-10","MODULE_HT","M01","Expanded module acceptance criterion","S03_MANAGER","NOT_RUN","NOT_DIRECTLY_EVIDENCED","partial","pending"
"M02-HT-01","MODULE_HT","M02","Expanded module acceptance criterion","S04_ACCOUNTANT","NOT_RUN","NOT_DIRECTLY_EVIDENCED","partial","pending"
"M02-HT-02","MODULE_HT","M02","Expanded module acceptance criterion","S04_ACCOUNTANT","NOT_RUN","NOT_DIRECTLY_EVIDENCED","partial","pending"
"M02-HT-03","MODULE_HT","M02","Expanded module acceptance criterion","S04_ACCOUNTANT","NOT_RUN","NOT_DIRECTLY_EVIDENCED","partial","pending"
"M02-HT-04","MODULE_HT","M02","Expanded module acceptance criterion","S04_ACCOUNTANT","NOT_RUN","NOT_DIRECTLY_EVIDENCED","partial","pending"
"M02-HT-05","MODULE_HT","M02","Expanded module acceptance criterion","S04_ACCOUNTANT","NOT_RUN","NOT_DIRECTLY_EVIDENCED","partial","pending"
"M02-HT-06","MODULE_HT","M02","Expanded module acceptance criterion","S04_ACCOUNTANT","NOT_RUN","NOT_DIRECTLY_EVIDENCED","partial","pending"
"M02-HT-07","MODULE_HT","M02","Expanded module acceptance criterion","S04_ACCOUNTANT","NOT_RUN","NOT_DIRECTLY_EVIDENCED","partial","pending"
"M02-HT-08","MODULE_HT","M02","Expanded module acceptance criterion","S04_ACCOUNTANT","NOT_RUN","NOT_DIRECTLY_EVIDENCED","partial","pending"
"M02-HT-09","MODULE_HT","M02","Expanded module acceptance criterion","S04_ACCOUNTANT","NOT_RUN","NOT_DIRECTLY_EVIDENCED","partial","pending"
"M02-HT-10","MODULE_HT","M02","Expanded module acceptance criterion","S04_ACCOUNTANT","NOT_RUN","NOT_DIRECTLY_EVIDENCED","partial","pending"
"M03-HT-01","MODULE_HT","M03","Expanded module acceptance criterion","S07_CUSTOMER","NOT_RUN","NOT_DIRECTLY_EVIDENCED","partial","pending"
"M03-HT-02","MODULE_HT","M03","Expanded module acceptance criterion","S07_CUSTOMER","NOT_RUN","NOT_DIRECTLY_EVIDENCED","partial","pending"
"M03-HT-03","MODULE_HT","M03","Expanded module acceptance criterion","S07_CUSTOMER","NOT_RUN","NOT_DIRECTLY_EVIDENCED","partial","pending"
"M03-HT-04","MODULE_HT","M03","Expanded module acceptance criterion","S07_CUSTOMER","NOT_RUN","NOT_DIRECTLY_EVIDENCED","partial","pending"
"M03-HT-05","MODULE_HT","M03","Expanded module acceptance criterion","S07_CUSTOMER","NOT_RUN","NOT_DIRECTLY_EVIDENCED","partial","pending"
"M03-HT-06","MODULE_HT","M03","Expanded module acceptance criterion","S07_CUSTOMER","NOT_RUN","NOT_DIRECTLY_EVIDENCED","partial","pending"
"M03-HT-07","MODULE_HT","M03","Expanded module acceptance criterion","S07_CUSTOMER","NOT_RUN","NOT_DIRECTLY_EVIDENCED","partial","pending"
"M03-HT-08","MODULE_HT","M03","Expanded module acceptance criterion","S07_CUSTOMER","NOT_RUN","NOT_DIRECTLY_EVIDENCED","partial","pending"
"M03-HT-09","MODULE_HT","M03","Expanded module acceptance criterion","S07_CUSTOMER","NOT_RUN","NOT_DIRECTLY_EVIDENCED","partial","pending"
"M03-HT-10","MODULE_HT","M03","Expanded module acceptance criterion","S07_CUSTOMER","NOT_RUN","NOT_DIRECTLY_EVIDENCED","partial","pending"
"M03-HT-11","MODULE_HT","M03","Expanded module acceptance criterion","S07_CUSTOMER","NOT_RUN","NOT_DIRECTLY_EVIDENCED","partial","pending"
"M03-HT-12","MODULE_HT","M03","Expanded module acceptance criterion","S07_CUSTOMER","NOT_RUN","NOT_DIRECTLY_EVIDENCED","partial","pending"
"M04-HT-01","MODULE_HT","M04","Expanded module acceptance criterion","S06_FORWARDER","NOT_RUN","NOT_DIRECTLY_EVIDENCED","partial","pending"
"M04-HT-02","MODULE_HT","M04","Expanded module acceptance criterion","S06_FORWARDER","NOT_RUN","NOT_DIRECTLY_EVIDENCED","partial","pending"
"M04-HT-03","MODULE_HT","M04","Expanded module acceptance criterion","S06_FORWARDER","NOT_RUN","NOT_DIRECTLY_EVIDENCED","partial","pending"
"M04-HT-04","MODULE_HT","M04","Expanded module acceptance criterion","S06_FORWARDER","NOT_RUN","NOT_DIRECTLY_EVIDENCED","partial","pending"
"M04-HT-05","MODULE_HT","M04","Expanded module acceptance criterion","S06_FORWARDER","NOT_RUN","NOT_DIRECTLY_EVIDENCED","partial","pending"
"M04-HT-06","MODULE_HT","M04","Expanded module acceptance criterion","S06_FORWARDER","NOT_RUN","NOT_DIRECTLY_EVIDENCED","partial","pending"
"M04-HT-07","MODULE_HT","M04","Expanded module acceptance criterion","S06_FORWARDER","NOT_RUN","NOT_DIRECTLY_EVIDENCED","partial","pending"
"M04-HT-08","MODULE_HT","M04","Expanded module acceptance criterion","S06_FORWARDER","NOT_RUN","NOT_DIRECTLY_EVIDENCED","partial","pending"
"M04-HT-09","MODULE_HT","M04","Expanded module acceptance criterion","S06_FORWARDER","NOT_RUN","NOT_DIRECTLY_EVIDENCED","partial","pending"
"M04-HT-10","MODULE_HT","M04","Expanded module acceptance criterion","S06_FORWARDER","NOT_RUN","NOT_DIRECTLY_EVIDENCED","partial","pending"
"M05-HT-01","MODULE_HT","M05","Expanded module acceptance criterion","S04_ACCOUNTANT","NOT_RUN","NOT_DIRECTLY_EVIDENCED","partial","pending"
"M05-HT-02","MODULE_HT","M05","Expanded module acceptance criterion","S04_ACCOUNTANT","NOT_RUN","NOT_DIRECTLY_EVIDENCED","partial","pending"
"M05-HT-03","MODULE_HT","M05","Expanded module acceptance criterion","S04_ACCOUNTANT","NOT_RUN","NOT_DIRECTLY_EVIDENCED","partial","pending"
"M05-HT-04","MODULE_HT","M05","Expanded module acceptance criterion","S04_ACCOUNTANT","NOT_RUN","NOT_DIRECTLY_EVIDENCED","partial","pending"
"M05-HT-05","MODULE_HT","M05","Expanded module acceptance criterion","S04_ACCOUNTANT","NOT_RUN","NOT_DIRECTLY_EVIDENCED","partial","pending"
"M05-HT-06","MODULE_HT","M05","Expanded module acceptance criterion","S04_ACCOUNTANT","NOT_RUN","NOT_DIRECTLY_EVIDENCED","partial","pending"
"M05-HT-07","MODULE_HT","M05","Expanded module acceptance criterion","S04_ACCOUNTANT","NOT_RUN","NOT_DIRECTLY_EVIDENCED","partial","pending"
"M05-HT-08","MODULE_HT","M05","Expanded module acceptance criterion","S04_ACCOUNTANT","NOT_RUN","NOT_DIRECTLY_EVIDENCED","partial","pending"
"M05-HT-09","MODULE_HT","M05","Expanded module acceptance criterion","S04_ACCOUNTANT","NOT_RUN","NOT_DIRECTLY_EVIDENCED","partial","pending"
"M05-HT-10","MODULE_HT","M05","Expanded module acceptance criterion","S04_ACCOUNTANT","NOT_RUN","NOT_DIRECTLY_EVIDENCED","partial","pending"
"M06-HT-01","MODULE_HT","M06","Expanded module acceptance criterion","S04_ACCOUNTANT","NOT_RUN","NOT_DIRECTLY_EVIDENCED","partial","pending"
"M06-HT-02","MODULE_HT","M06","Expanded module acceptance criterion","S04_ACCOUNTANT","NOT_RUN","NOT_DIRECTLY_EVIDENCED","partial","pending"
"M06-HT-03","MODULE_HT","M06","Expanded module acceptance criterion","S04_ACCOUNTANT","NOT_RUN","NOT_DIRECTLY_EVIDENCED","partial","pending"
"M06-HT-04","MODULE_HT","M06","Expanded module acceptance criterion","S04_ACCOUNTANT","NOT_RUN","NOT_DIRECTLY_EVIDENCED","partial","pending"
"M06-HT-05","MODULE_HT","M06","Expanded module acceptance criterion","S04_ACCOUNTANT","NOT_RUN","NOT_DIRECTLY_EVIDENCED","partial","pending"
"M06-HT-06","MODULE_HT","M06","Expanded module acceptance criterion","S04_ACCOUNTANT","NOT_RUN","NOT_DIRECTLY_EVIDENCED","partial","pending"
"M06-HT-07","MODULE_HT","M06","Expanded module acceptance criterion","S04_ACCOUNTANT","NOT_RUN","NOT_DIRECTLY_EVIDENCED","partial","pending"
"M06-HT-08","MODULE_HT","M06","Expanded module acceptance criterion","S04_ACCOUNTANT","NOT_RUN","NOT_DIRECTLY_EVIDENCED","partial","pending"
"M06-HT-09","MODULE_HT","M06","Expanded module acceptance criterion","S04_ACCOUNTANT","NOT_RUN","NOT_DIRECTLY_EVIDENCED","partial","pending"
"M06-HT-10","MODULE_HT","M06","Expanded module acceptance criterion","S04_ACCOUNTANT","NOT_RUN","NOT_DIRECTLY_EVIDENCED","partial","pending"
"M07-HT-01","MODULE_HT","M07","Expanded module acceptance criterion","S04_ACCOUNTANT","NOT_RUN","NOT_DIRECTLY_EVIDENCED","partial","pending"
"M07-HT-02","MODULE_HT","M07","Expanded module acceptance criterion","S04_ACCOUNTANT","NOT_RUN","NOT_DIRECTLY_EVIDENCED","partial","pending"
"M07-HT-03","MODULE_HT","M07","Expanded module acceptance criterion","S04_ACCOUNTANT","NOT_RUN","NOT_DIRECTLY_EVIDENCED","partial","pending"
"M07-HT-04","MODULE_HT","M07","Expanded module acceptance criterion","S04_ACCOUNTANT","NOT_RUN","NOT_DIRECTLY_EVIDENCED","partial","pending"
"M07-HT-05","MODULE_HT","M07","Expanded module acceptance criterion","S04_ACCOUNTANT","NOT_RUN","NOT_DIRECTLY_EVIDENCED","partial","pending"
"M07-HT-06","MODULE_HT","M07","Expanded module acceptance criterion","S04_ACCOUNTANT","NOT_RUN","NOT_DIRECTLY_EVIDENCED","partial","pending"
"M07-HT-07","MODULE_HT","M07","Expanded module acceptance criterion","S04_ACCOUNTANT","NOT_RUN","NOT_DIRECTLY_EVIDENCED","partial","pending"
"M07-HT-08","MODULE_HT","M07","Expanded module acceptance criterion","S04_ACCOUNTANT","NOT_RUN","NOT_DIRECTLY_EVIDENCED","partial","pending"
"M07-HT-09","MODULE_HT","M07","Expanded module acceptance criterion","S04_ACCOUNTANT","NOT_RUN","NOT_DIRECTLY_EVIDENCED","partial","pending"
"M07-HT-10","MODULE_HT","M07","Expanded module acceptance criterion","S04_ACCOUNTANT","NOT_RUN","NOT_DIRECTLY_EVIDENCED","partial","pending"
"M08-HT-01","MODULE_HT","M08","Expanded module acceptance criterion","S05_DRIVER","NOT_RUN","NOT_DIRECTLY_EVIDENCED","partial","pending"
"M08-HT-02","MODULE_HT","M08","Expanded module acceptance criterion","S05_DRIVER","NOT_RUN","NOT_DIRECTLY_EVIDENCED","partial","pending"
"M08-HT-03","MODULE_HT","M08","Expanded module acceptance criterion","S05_DRIVER","NOT_RUN","NOT_DIRECTLY_EVIDENCED","partial","pending"
"M08-HT-04","MODULE_HT","M08","Expanded module acceptance criterion","S05_DRIVER","NOT_RUN","NOT_DIRECTLY_EVIDENCED","partial","pending"
"M08-HT-05","MODULE_HT","M08","Expanded module acceptance criterion","S05_DRIVER","NOT_RUN","NOT_DIRECTLY_EVIDENCED","partial","pending"
"M08-HT-06","MODULE_HT","M08","Expanded module acceptance criterion","S05_DRIVER","NOT_RUN","NOT_DIRECTLY_EVIDENCED","partial","pending"
"M08-HT-07","MODULE_HT","M08","Expanded module acceptance criterion","S05_DRIVER","NOT_RUN","NOT_DIRECTLY_EVIDENCED","partial","pending"
"M08-HT-08","MODULE_HT","M08","Expanded module acceptance criterion","S05_DRIVER","NOT_RUN","NOT_DIRECTLY_EVIDENCED","partial","pending"
"M08-HT-09","MODULE_HT","M08","Expanded module acceptance criterion","S05_DRIVER","NOT_RUN","NOT_DIRECTLY_EVIDENCED","partial","pending"
"M08-HT-10","MODULE_HT","M08","Expanded module acceptance criterion","S05_DRIVER","NOT_RUN","NOT_DIRECTLY_EVIDENCED","partial","pending"
"M09-HT-01","MODULE_HT","M09","Expanded module acceptance criterion","S06_FORWARDER","NOT_RUN","NOT_DIRECTLY_EVIDENCED","partial","pending"
"M09-HT-02","MODULE_HT","M09","Expanded module acceptance criterion","S06_FORWARDER","NOT_RUN","NOT_DIRECTLY_EVIDENCED","partial","pending"
"M09-HT-03","MODULE_HT","M09","Expanded module acceptance criterion","S06_FORWARDER","NOT_RUN","NOT_DIRECTLY_EVIDENCED","partial","pending"
"M09-HT-04","MODULE_HT","M09","Expanded module acceptance criterion","S06_FORWARDER","NOT_RUN","NOT_DIRECTLY_EVIDENCED","partial","pending"
"M09-HT-05","MODULE_HT","M09","Expanded module acceptance criterion","S06_FORWARDER","NOT_RUN","NOT_DIRECTLY_EVIDENCED","partial","pending"
"M09-HT-06","MODULE_HT","M09","Expanded module acceptance criterion","S06_FORWARDER","NOT_RUN","NOT_DIRECTLY_EVIDENCED","partial","pending"
"M09-HT-07","MODULE_HT","M09","Expanded module acceptance criterion","S06_FORWARDER","NOT_RUN","NOT_DIRECTLY_EVIDENCED","partial","pending"
"M09-HT-08","MODULE_HT","M09","Expanded module acceptance criterion","S06_FORWARDER","NOT_RUN","NOT_DIRECTLY_EVIDENCED","partial","pending"
"M09-HT-09","MODULE_HT","M09","Expanded module acceptance criterion","S06_FORWARDER","NOT_RUN","NOT_DIRECTLY_EVIDENCED","partial","pending"
"M09-HT-10","MODULE_HT","M09","Expanded module acceptance criterion","S06_FORWARDER","NOT_RUN","NOT_DIRECTLY_EVIDENCED","partial","pending"
"M10-HT-01","MODULE_HT","M10","Expanded module acceptance criterion","S08_CLERK","NOT_RUN","NOT_DIRECTLY_EVIDENCED","partial","pending"
"M10-HT-02","MODULE_HT","M10","Expanded module acceptance criterion","S08_CLERK","NOT_RUN","NOT_DIRECTLY_EVIDENCED","partial","pending"
"M10-HT-03","MODULE_HT","M10","Expanded module acceptance criterion","S08_CLERK","NOT_RUN","NOT_DIRECTLY_EVIDENCED","partial","pending"
"M10-HT-04","MODULE_HT","M10","Expanded module acceptance criterion","S08_CLERK","NOT_RUN","NOT_DIRECTLY_EVIDENCED","partial","pending"
"M10-HT-05","MODULE_HT","M10","Expanded module acceptance criterion","S08_CLERK","NOT_RUN","NOT_DIRECTLY_EVIDENCED","partial","pending"
"M10-HT-06","MODULE_HT","M10","Expanded module acceptance criterion","S08_CLERK","NOT_RUN","NOT_DIRECTLY_EVIDENCED","partial","pending"
"M10-HT-07","MODULE_HT","M10","Expanded module acceptance criterion","S08_CLERK","NOT_RUN","NOT_DIRECTLY_EVIDENCED","partial","pending"
"M10-HT-08","MODULE_HT","M10","Expanded module acceptance criterion","S08_CLERK","NOT_RUN","NOT_DIRECTLY_EVIDENCED","partial","pending"
"M10-HT-09","MODULE_HT","M10","Expanded module acceptance criterion","S08_CLERK","NOT_RUN","NOT_DIRECTLY_EVIDENCED","partial","pending"
"M10-HT-10","MODULE_HT","M10","Expanded module acceptance criterion","S08_CLERK","NOT_RUN","NOT_DIRECTLY_EVIDENCED","partial","pending"
"M11-HT-01","MODULE_HT","M11","Expanded module acceptance criterion","S03_MANAGER","NOT_RUN","NOT_DIRECTLY_EVIDENCED","partial","pending"
"M11-HT-02","MODULE_HT","M11","Expanded module acceptance criterion","S03_MANAGER","NOT_RUN","NOT_DIRECTLY_EVIDENCED","partial","pending"
"M11-HT-03","MODULE_HT","M11","Expanded module acceptance criterion","S03_MANAGER","NOT_RUN","NOT_DIRECTLY_EVIDENCED","partial","pending"
"M11-HT-04","MODULE_HT","M11","Expanded module acceptance criterion","S03_MANAGER","NOT_RUN","NOT_DIRECTLY_EVIDENCED","partial","pending"
"M11-HT-05","MODULE_HT","M11","Expanded module acceptance criterion","S03_MANAGER","NOT_RUN","NOT_DIRECTLY_EVIDENCED","partial","pending"
"M11-HT-06","MODULE_HT","M11","Expanded module acceptance criterion","S03_MANAGER","NOT_RUN","NOT_DIRECTLY_EVIDENCED","partial","pending"
"M11-HT-07","MODULE_HT","M11","Expanded module acceptance criterion","S03_MANAGER","NOT_RUN","NOT_DIRECTLY_EVIDENCED","partial","pending"
"M11-HT-08","MODULE_HT","M11","Expanded module acceptance criterion","S03_MANAGER","NOT_RUN","NOT_DIRECTLY_EVIDENCED","partial","pending"
"M11-HT-09","MODULE_HT","M11","Expanded module acceptance criterion","S03_MANAGER","NOT_RUN","NOT_DIRECTLY_EVIDENCED","partial","pending"
"M11-HT-10","MODULE_HT","M11","Expanded module acceptance criterion","S03_MANAGER","NOT_RUN","NOT_DIRECTLY_EVIDENCED","partial","pending"
"M12-HT-01","MODULE_HT","M12","Expanded module acceptance criterion","S04_ACCOUNTANT","NOT_RUN","NOT_DIRECTLY_EVIDENCED","partial","pending"
"M12-HT-02","MODULE_HT","M12","Expanded module acceptance criterion","S04_ACCOUNTANT","NOT_RUN","NOT_DIRECTLY_EVIDENCED","partial","pending"
"M12-HT-03","MODULE_HT","M12","Expanded module acceptance criterion","S04_ACCOUNTANT","NOT_RUN","NOT_DIRECTLY_EVIDENCED","partial","pending"
"M12-HT-04","MODULE_HT","M12","Expanded module acceptance criterion","S04_ACCOUNTANT","NOT_RUN","NOT_DIRECTLY_EVIDENCED","partial","pending"
"M12-HT-05","MODULE_HT","M12","Expanded module acceptance criterion","S04_ACCOUNTANT","NOT_RUN","NOT_DIRECTLY_EVIDENCED","partial","pending"
"M12-HT-06","MODULE_HT","M12","Expanded module acceptance criterion","S04_ACCOUNTANT","NOT_RUN","NOT_DIRECTLY_EVIDENCED","partial","pending"
"M12-HT-07","MODULE_HT","M12","Expanded module acceptance criterion","S04_ACCOUNTANT","NOT_RUN","NOT_DIRECTLY_EVIDENCED","partial","pending"
"M12-HT-08","MODULE_HT","M12","Expanded module acceptance criterion","S04_ACCOUNTANT","NOT_RUN","NOT_DIRECTLY_EVIDENCED","partial","pending"
"M12-HT-09","MODULE_HT","M12","Expanded module acceptance criterion","S04_ACCOUNTANT","NOT_RUN","NOT_DIRECTLY_EVIDENCED","partial","pending"
"M12-HT-10","MODULE_HT","M12","Expanded module acceptance criterion","S04_ACCOUNTANT","NOT_RUN","NOT_DIRECTLY_EVIDENCED","partial","pending"
"Q01","Q_CASE","CROSS","Ngưỡng cảnh báo sớm hạn mức công nợ","S04_ACCOUNTANT","NOT_RUN","IMPLEMENTATION_REVIEW","partial","accepted"
"Q02","Q_CASE","CROSS","Phê duyệt vượt hạn mức","S04_ACCOUNTANT","NOT_RUN","IMPLEMENTATION_REVIEW","partial","accepted"
"Q03","Q_CASE","CROSS","Phân bổ thanh toán không chỉ định","S04_ACCOUNTANT","NOT_RUN","IMPLEMENTATION_REVIEW","partial","accepted"
"Q04","Q_CASE","CROSS","Lịch nhắc thanh toán","S04_ACCOUNTANT","NOT_RUN","IMPLEMENTATION_REVIEW","partial","accepted"
"Q05","Q_CASE","CROSS","Kênh ưu tiên & retry","S04_ACCOUNTANT","NOT_RUN","IMPLEMENTATION_REVIEW","partial","accepted"
"Q06","Q_CASE","CROSS","Hóa đơn nhiên liệu nhiều xe","S04_ACCOUNTANT","NOT_RUN","IMPLEMENTATION_REVIEW","partial","accepted"
"Q07","Q_CASE","CROSS","Một nhà cung cấp nhiều nhóm dịch vụ","S04_ACCOUNTANT","NOT_RUN","IMPLEMENTATION_REVIEW","partial","accepted"
"Q08","Q_CASE","CROSS","Khách hàng ⇄ nhà cung cấp; đối trừ","S04_ACCOUNTANT","NOT_RUN","IMPLEMENTATION_REVIEW","partial","accepted"
"Q09","Q_CASE","CROSS","Phạm vi kỳ lương","S04_ACCOUNTANT","NOT_RUN","IMPLEMENTATION_REVIEW","partial","accepted"
"Q10","Q_CASE","CROSS","Chặn chốt kỳ khi còn lỗi","S04_ACCOUNTANT","NOT_RUN","IMPLEMENTATION_REVIEW","partial","accepted"
"Q11","Q_CASE","CROSS","Sau chốt: điều chỉnh hoặc mở lại","S04_ACCOUNTANT","NOT_RUN","IMPLEMENTATION_REVIEW","partial","accepted"
"Q12","Q_CASE","CROSS","Khoản chi hộ không hóa đơn: hạng mục & căn cứ","S04_ACCOUNTANT","NOT_RUN","IMPLEMENTATION_REVIEW","partial","accepted"
"Q13","Q_CASE","CROSS","Ngưỡng khoản chi hộ","S04_ACCOUNTANT","NOT_RUN","IMPLEMENTATION_REVIEW","partial","accepted"
"Q14","Q_CASE","CROSS","Quá ngưỡng/thiếu căn cứ","S04_ACCOUNTANT","NOT_RUN","IMPLEMENTATION_REVIEW","partial","accepted"
"Q15","Q_CASE","CROSS","Maker/Checker/Approver/Viewer","S09_CROSS_ROLE","NOT_RUN","IMPLEMENTATION_REVIEW","partial","accepted"
"Q16","Q_CASE","CROSS","Phạm vi tài khoản khách hàng","S09_CROSS_ROLE","NOT_RUN","IMPLEMENTATION_REVIEW","partial","accepted"
"Q17","Q_CASE","CROSS","Nhân viên chứng từ (CLERK)","S09_CROSS_ROLE","NOT_RUN","IMPLEMENTATION_REVIEW","partial","accepted"
"Q18","Q_CASE","CROSS","Sửa dữ liệu đã duyệt/chốt","S09_CROSS_ROLE","NOT_RUN","IMPLEMENTATION_REVIEW","partial","accepted"
"Q19","Q_CASE","CROSS","Hạn thanh toán vào cuối tuần/lễ","S09_CROSS_ROLE","NOT_RUN","IMPLEMENTATION_REVIEW","partial","accepted"
"Q20","Q_CASE","CROSS","Chuyến qua hai kỳ","S09_CROSS_ROLE","NOT_RUN","IMPLEMENTATION_REVIEW","partial","accepted"
"Q21","Q_CASE","CROSS","Khóa kỳ","S09_CROSS_ROLE","NOT_RUN","IMPLEMENTATION_REVIEW","partial","accepted"
"Q22","Q_CASE","CROSS","Nguồn chân lý & tái tính vs điều chỉnh","S09_CROSS_ROLE","NOT_RUN","IMPLEMENTATION_REVIEW","partial","accepted"
"Q23","Q_CASE","CROSS","Double-submit, mạng chập, concurrent edit/approve","S09_CROSS_ROLE","NOT_RUN","IMPLEMENTATION_REVIEW","partial","accepted"
"TC-M01-01-01","MODULE_TC","M01","Hiển thị dữ liệu thông thường","S03_MANAGER","PASS","ROLE_ROUTE_VISUAL","verified","pending"
"TC-M01-01-02","MODULE_TC","M01","Không có dữ liệu","S03_MANAGER","NOT_RUN","NOT_DIRECTLY_EVIDENCED","partial","pending"
"TC-M01-01-03","MODULE_TC","M01","Trường hợp biên (kỳ ngày/tuần/tháng/quý; dữ liệu đang chạy & đã chốt)","S03_MANAGER","NOT_RUN","NOT_DIRECTLY_EVIDENCED","partial","pending"
"TC-M01-01-04","MODULE_TC","M01","Kiểm soát quyền xem","S03_MANAGER","NOT_RUN","NOT_DIRECTLY_EVIDENCED","partial","pending"
"TC-M01-01-05","MODULE_TC","M01","Đối chiếu dữ liệu nguồn","S03_MANAGER","NOT_RUN","NOT_DIRECTLY_EVIDENCED","partial","pending"
"TC-M01-02-01","MODULE_TC","M01","Hiển thị dữ liệu thông thường","S03_MANAGER","PASS","ROLE_ROUTE_VISUAL","verified","pending"
"TC-M01-02-02","MODULE_TC","M01","Không có dữ liệu","S03_MANAGER","NOT_RUN","NOT_DIRECTLY_EVIDENCED","partial","pending"
"TC-M01-02-03","MODULE_TC","M01","Trường hợp biên (khoảng ngày giao nhau 2 tháng; nhiều xe bằng điểm; tuyến không có chuyến)","S03_MANAGER","NOT_RUN","NOT_DIRECTLY_EVIDENCED","partial","pending"
"TC-M01-02-04","MODULE_TC","M01","Kiểm soát quyền xem","S03_MANAGER","NOT_RUN","NOT_DIRECTLY_EVIDENCED","partial","pending"
"TC-M01-02-05","MODULE_TC","M01","Đối chiếu dữ liệu nguồn","S03_MANAGER","NOT_RUN","NOT_DIRECTLY_EVIDENCED","partial","pending"
"TC-M01-03-01","MODULE_TC","M01","Luồng nghiệp vụ thông thường","S03_MANAGER","NOT_RUN","NOT_DIRECTLY_EVIDENCED","partial","pending"
"TC-M01-03-02","MODULE_TC","M01","Thiếu hoặc sai dữ liệu","S03_MANAGER","NOT_RUN","NOT_DIRECTLY_EVIDENCED","partial","pending"
"TC-M01-03-03","MODULE_TC","M01","Trường hợp ngoại lệ (trùng thời gian xe/lái; thiếu dữ liệu chỉ lưu nháp)","S03_MANAGER","NOT_RUN","NOT_DIRECTLY_EVIDENCED","partial","pending"
"TC-M01-03-04","MODULE_TC","M01","Kiểm soát quyền thao tác","S03_MANAGER","NOT_RUN","NOT_DIRECTLY_EVIDENCED","partial","pending"
"TC-M01-03-05","MODULE_TC","M01","Gửi lại hoặc thao tác đồng thời","S03_MANAGER","NOT_RUN","NOT_DIRECTLY_EVIDENCED","partial","pending"
"TC-M01-03-06","MODULE_TC","M01","Biên: chuyến qua ngày; đổi xe trước giờ chạy; hủy sau khi phát sinh dữ liệu","S03_MANAGER","NOT_RUN","NOT_DIRECTLY_EVIDENCED","partial","pending"
"TC-M01-04-01","MODULE_TC","M01","Tính toán thông thường","S03_MANAGER","NOT_RUN","NOT_DIRECTLY_EVIDENCED","partial","pending"
"TC-M01-04-02","MODULE_TC","M01","Thiếu hoặc sai dữ liệu — như TC-M01-03-02 pattern.","S03_MANAGER","NOT_RUN","NOT_DIRECTLY_EVIDENCED","partial","pending"
"TC-M01-04-03","MODULE_TC","M01","Giá trị biên (giá trị = 0, điều chỉnh âm, chi phí bổ sung sau khi hoàn thành)","S03_MANAGER","NOT_RUN","NOT_DIRECTLY_EVIDENCED","partial","pending"
"TC-M01-04-04","MODULE_TC","M01","Thay đổi hoặc ngoại lệ (chưa đủ chi phí → ""Tạm tính""; hủy không tính LN)","S03_MANAGER","NOT_RUN","NOT_DIRECTLY_EVIDENCED","partial","pending"
"TC-M01-04-05","MODULE_TC","M01","Tính nhất quán (tính lại cùng dữ liệu không đổi; tải lại sau lưu khớp báo cáo)","S03_MANAGER","NOT_RUN","NOT_DIRECTLY_EVIDENCED","partial","pending"
"TC-M01-05-01","MODULE_TC","M01","Luồng nghiệp vụ thông thường","S03_MANAGER","NOT_RUN","NOT_DIRECTLY_EVIDENCED","partial","pending"
"TC-M01-05-02","MODULE_TC","M01","Thiếu hoặc sai dữ liệu — bỏ trống chuyến → cảnh báo.","S03_MANAGER","NOT_RUN","NOT_DIRECTLY_EVIDENCED","partial","pending"
"TC-M01-05-03","MODULE_TC","M01","Trường hợp ngoại lệ (không hóa đơn → nêu căn cứ; chứng từ trùng → cảnh báo)","S03_MANAGER","NOT_RUN","NOT_DIRECTLY_EVIDENCED","partial","pending"
"TC-M01-05-04","MODULE_TC","M01","Kiểm soát quyền thao tác — `laixe` không vào được `/expenses/new`.","S03_MANAGER","NOT_RUN","NOT_DIRECTLY_EVIDENCED","partial","pending"
"TC-M01-05-05","MODULE_TC","M01","Gửi lại/đồng thời + biên: 1 chứng từ nhiều dòng; chi phí chung không gắn container; sửa khoản đang chờ.","S03_MANAGER","NOT_RUN","NOT_DIRECTLY_EVIDENCED","partial","pending"
"TC-M01-06-01","MODULE_TC","M01","Luồng nghiệp vụ thông thường","S03_MANAGER","NOT_RUN","NOT_DIRECTLY_EVIDENCED","partial","pending"
"TC-M01-06-02","MODULE_TC","M01","Thiếu hoặc sai dữ liệu — bỏ trống biển số → cảnh báo.","S03_MANAGER","NOT_RUN","NOT_DIRECTLY_EVIDENCED","partial","pending"
"TC-M01-06-03","MODULE_TC","M01","Trường hợp ngoại lệ (không xóa xe có lịch sử; chuyển ""Ngừng hoạt động"")","S03_MANAGER","NOT_RUN","NOT_DIRECTLY_EVIDENCED","partial","pending"
"TC-M01-06-04","MODULE_TC","M01","Kiểm soát quyền thao tác — `laixe` không vào được `/fleet`.","S03_MANAGER","NOT_RUN","NOT_DIRECTLY_EVIDENCED","partial","pending"
"TC-M01-06-05","MODULE_TC","M01","Gửi lại/đồng thời + biên: đổi rơ-moóc giữa chuyến; 2 xe biển gần giống; bảo dưỡng trùng lịch điều vận.","S03_MANAGER","NOT_RUN","NOT_DIRECTLY_EVIDENCED","partial","pending"
"TC-M01-07-01","MODULE_TC","M01","Luồng nghiệp vụ thông thường","S03_MANAGER","FAIL","NOT_IMPLEMENTED_M1_7","missing","pending"
"TC-M01-07-02","MODULE_TC","M01","Thiếu hoặc sai dữ liệu — bỏ trống xe ghép → cảnh báo.","S03_MANAGER","FAIL","NOT_IMPLEMENTED_M1_7","missing","pending"
"TC-M01-07-03","MODULE_TC","M01","Trường hợp ngoại lệ (trùng giờ, vượt tải, điểm đầu lệnh sau không phù hợp)","S03_MANAGER","FAIL","NOT_IMPLEMENTED_M1_7","missing","pending"
"TC-M01-07-04","MODULE_TC","M01","Kiểm soát quyền thao tác — `giaonhan` không vào được dispatch two-orders.","S03_MANAGER","FAIL","NOT_IMPLEMENTED_M1_7","missing","pending"
"TC-M01-07-05","MODULE_TC","M01","Gửi lại/đồng thời + biên: 1 lệnh bị hủy; lệnh đầu giao trễ; 2 lệnh qua ngày.","S03_MANAGER","FAIL","NOT_IMPLEMENTED_M1_7","missing","pending"
"TC-M01-08-01","MODULE_TC","M01","Luồng nghiệp vụ thông thường","S03_MANAGER","NOT_RUN","NOT_DIRECTLY_EVIDENCED","partial","pending"
"TC-M01-08-02","MODULE_TC","M01","Thiếu hoặc sai dữ liệu","S03_MANAGER","NOT_RUN","NOT_DIRECTLY_EVIDENCED","partial","pending"
"TC-M01-08-03","MODULE_TC","M01","Trường hợp ngoại lệ (sửa sau chốt qua điều chỉnh/mở khóa có kiểm soát)","S03_MANAGER","NOT_RUN","NOT_DIRECTLY_EVIDENCED","partial","pending"
"TC-M01-08-04","MODULE_TC","M01","Kiểm soát quyền thao tác","S03_MANAGER","NOT_RUN","NOT_DIRECTLY_EVIDENCED","partial","pending"
"TC-M01-08-05","MODULE_TC","M01","Gửi lại/đồng thời + biên: bấm chốt 2 lần; 2 người chốt đồng thời; mất kết nối ngay sau chốt.","S03_MANAGER","NOT_RUN","NOT_DIRECTLY_EVIDENCED","partial","pending"
"TC-M02-01-01","MODULE_TC","M02","Luồng nghiệp vụ thông thường","S04_ACCOUNTANT","NOT_RUN","NOT_DIRECTLY_EVIDENCED","partial","pending"
"TC-M02-01-02","MODULE_TC","M02","Thiếu hoặc sai dữ liệu","S04_ACCOUNTANT","NOT_RUN","NOT_DIRECTLY_EVIDENCED","partial","pending"
"TC-M02-01-03","MODULE_TC","M02","Trường hợp ngoại lệ (sửa giá gợi ý trước chốt, phải nêu lý do + giữ giá ban đầu)","S04_ACCOUNTANT","NOT_RUN","NOT_DIRECTLY_EVIDENCED","partial","pending"
"TC-M02-01-04","MODULE_TC","M02","Kiểm soát quyền thao tác","S04_ACCOUNTANT","NOT_RUN","NOT_DIRECTLY_EVIDENCED","partial","pending"
"TC-M02-01-05","MODULE_TC","M02","Gửi lại/đồng thời + biên: thay giá giữa tháng; chuyến hồi tố; khách chưa có bảng giá.","S04_ACCOUNTANT","NOT_RUN","NOT_DIRECTLY_EVIDENCED","partial","pending"
"TC-M02-02-01","MODULE_TC","M02","Tính toán thông thường","S04_ACCOUNTANT","NOT_RUN","NOT_DIRECTLY_EVIDENCED","partial","pending"
"TC-M02-02-02","MODULE_TC","M02","Thiếu hoặc sai dữ liệu.","S04_ACCOUNTANT","NOT_RUN","NOT_DIRECTLY_EVIDENCED","partial","pending"
"TC-M02-02-03","MODULE_TC","M02","Giá trị biên (trọng lượng đúng ranh giới; số lẻ; đơn vị khác tấn)","S04_ACCOUNTANT","NOT_RUN","NOT_DIRECTLY_EVIDENCED","partial","pending"
"TC-M02-02-04","MODULE_TC","M02","Thay đổi hoặc ngoại lệ (trọng lượng ngoài bảng → cảnh báo + chọn giá thủ công có lý do).","S04_ACCOUNTANT","NOT_RUN","NOT_DIRECTLY_EVIDENCED","partial","pending"
"TC-M02-02-05","MODULE_TC","M02","Tính nhất quán (tính lại cùng dữ liệu không đổi; khớp báo cáo chi tiết).","S04_ACCOUNTANT","NOT_RUN","NOT_DIRECTLY_EVIDENCED","partial","pending"
"TC-M02-03-01","MODULE_TC","M02","Tính toán thông thường","S04_ACCOUNTANT","NOT_RUN","NOT_DIRECTLY_EVIDENCED","partial","pending"
"TC-M02-03-02","MODULE_TC","M02","Thiếu hoặc sai dữ liệu.","S04_ACCOUNTANT","NOT_RUN","NOT_DIRECTLY_EVIDENCED","partial","pending"
"TC-M02-03-03","MODULE_TC","M02","Giá trị biên (trọng lượng = 0; vượt tải; thay đổi sau cân lần 2)","S04_ACCOUNTANT","NOT_RUN","NOT_DIRECTLY_EVIDENCED","partial","pending"
"TC-M02-03-04","MODULE_TC","M02","Thay đổi hoặc ngoại lệ (sau chốt → điều chỉnh, không tự đổi).","S04_ACCOUNTANT","NOT_RUN","NOT_DIRECTLY_EVIDENCED","partial","pending"
"TC-M02-03-05","MODULE_TC","M02","Tính nhất quán.","S04_ACCOUNTANT","NOT_RUN","NOT_DIRECTLY_EVIDENCED","partial","pending"
"TC-M02-04-01","MODULE_TC","M02","Tính toán thông thường","S04_ACCOUNTANT","NOT_RUN","NOT_DIRECTLY_EVIDENCED","partial","pending"
"TC-M02-04-02","MODULE_TC","M02","Thiếu hoặc sai dữ liệu.","S04_ACCOUNTANT","NOT_RUN","NOT_DIRECTLY_EVIDENCED","partial","pending"
"TC-M02-04-03","MODULE_TC","M02","Giá trị biên (cảng đổi giá giữa ngày; cont khác nhau; cùng lô có cả nâng và hạ)","S04_ACCOUNTANT","NOT_RUN","NOT_DIRECTLY_EVIDENCED","partial","pending"
"TC-M02-04-04","MODULE_TC","M02","Thay đổi hoặc ngoại lệ (không có giá phù hợp → không tự điền giá cũ; yêu cầu nhập + ghi chú).","S04_ACCOUNTANT","NOT_RUN","NOT_DIRECTLY_EVIDENCED","partial","pending"
"TC-M02-04-05","MODULE_TC","M02","Tính nhất quán.","S04_ACCOUNTANT","NOT_RUN","NOT_DIRECTLY_EVIDENCED","partial","pending"
"TC-M02-05-01","MODULE_TC","M02","Luồng nghiệp vụ thông thường","S04_ACCOUNTANT","NOT_RUN","NOT_DIRECTLY_EVIDENCED","partial","pending"
"TC-M02-05-02","MODULE_TC","M02","Thiếu hoặc sai dữ liệu.","S04_ACCOUNTANT","NOT_RUN","NOT_DIRECTLY_EVIDENCED","partial","pending"
"TC-M02-05-03","MODULE_TC","M02","Trường hợp ngoại lệ (khoản hoàn/giảm trừ dùng số âm có lý do; không sửa khoản đã chốt)","S04_ACCOUNTANT","NOT_RUN","NOT_DIRECTLY_EVIDENCED","partial","pending"
"TC-M02-05-04","MODULE_TC","M02","Kiểm soát quyền thao tác.","S04_ACCOUNTANT","NOT_RUN","NOT_DIRECTLY_EVIDENCED","partial","pending"
"TC-M02-05-05","MODULE_TC","M02","Gửi lại/đồng thời + biên: khoản không gắn chuyến; 1 chứng từ nhiều lô; doanh thu phát sinh kỳ sau.","S04_ACCOUNTANT","NOT_RUN","NOT_DIRECTLY_EVIDENCED","partial","pending"
"TC-M03-01-01","MODULE_TC","M03","Tạo lô với dữ liệu tối thiểu hợp lệ","S07_CUSTOMER","BLOCKED","FIXTURE_OR_MUTATION","partial","pending"
"TC-M03-01-02","MODULE_TC","M03","Lưu nháp khi chưa có số công-te-nơ","S07_CUSTOMER","BLOCKED","FIXTURE_OR_MUTATION","partial","pending"
"TC-M03-01-03","MODULE_TC","M03","Một vận đơn có nhiều công-te-nơ","S07_CUSTOMER","BLOCKED","FIXTURE_OR_MUTATION","partial","pending"
"TC-M03-01-04","MODULE_TC","M03","Phát hiện hồ sơ trùng","S07_CUSTOMER","BLOCKED","FIXTURE_OR_MUTATION","partial","pending"
"TC-M03-01-05","MODULE_TC","M03","Phân quyền sửa lô (Kiểm soát quyền)","S07_CUSTOMER","BLOCKED","FIXTURE_OR_MUTATION","partial","pending"
"TC-M03-01-06","MODULE_TC","M03","Trường hợp biên / gửi lại đồng thời (double-submit khi tạo lô)","S07_CUSTOMER","BLOCKED","FIXTURE_OR_MUTATION","partial","pending"
"TC-M03-02-01","MODULE_TC","M03","Bộ chứng từ hợp lệ","S07_CUSTOMER","BLOCKED","FIXTURE_OR_MUTATION","partial","pending"
"TC-M03-02-02","MODULE_TC","M03","Mã công-te-nơ không hợp lệ (ISO 6346)","S07_CUSTOMER","BLOCKED","FIXTURE_OR_MUTATION","partial","pending"
"TC-M03-02-03","MODULE_TC","M03","Tờ khai trùng có lý do hợp lệ (ngoại lệ được duyệt)","S07_CUSTOMER","BLOCKED","FIXTURE_OR_MUTATION","partial","pending"
"TC-M03-02-04","MODULE_TC","M03","Chứng từ hết hiệu lực (lệnh giao hàng quá hạn)","S07_CUSTOMER","BLOCKED","FIXTURE_OR_MUTATION","partial","pending"
"TC-M03-02-05","MODULE_TC","M03","Thay tệp chứng từ (giữ lịch sử bản cũ)","S07_CUSTOMER","BLOCKED","FIXTURE_OR_MUTATION","partial","pending"
"TC-M03-02-06","MODULE_TC","M03","Phân quyền / gửi lại đồng thời: tải trùng chứng từ","S07_CUSTOMER","BLOCKED","FIXTURE_OR_MUTATION","partial","pending"
"TC-M03-03-01","MODULE_TC","M03","Cập nhật tiến độ thông thường (tự động từ chuyến)","S07_CUSTOMER","BLOCKED","FIXTURE_OR_MUTATION","partial","pending"
"TC-M03-03-02","MODULE_TC","M03","Khách chưa bật thông báo trên thiết bị (email dự phòng)","S07_CUSTOMER","BLOCKED","FIXTURE_OR_MUTATION","partial","pending"
"TC-M03-03-03","MODULE_TC","M03","Thay đổi lịch giao (CUS thêm ghi chú thủ công)","S07_CUSTOMER","BLOCKED","FIXTURE_OR_MUTATION","partial","pending"
"TC-M03-03-04","MODULE_TC","M03","Gửi lại thông báo thất bại (retry email)","S07_CUSTOMER","BLOCKED","FIXTURE_OR_MUTATION","partial","pending"
"TC-M03-03-05","MODULE_TC","M03","Bảo vệ dữ liệu giữa khách hàng (phân quyền chéo)","S07_CUSTOMER","BLOCKED","FIXTURE_OR_MUTATION","partial","pending"
"TC-M03-03-06","MODULE_TC","M03","Biên: GPS chỉ hiện trong lúc vận chuyển","S07_CUSTOMER","BLOCKED","FIXTURE_OR_MUTATION","partial","pending"
"TC-M03-04-01","MODULE_TC","M03","Xác nhận đủ ba bên","S07_CUSTOMER","BLOCKED","FIXTURE_OR_MUTATION","partial","pending"
"TC-M03-04-02","MODULE_TC","M03","Xác nhận thủ công khi thiếu mốc lái xe","S07_CUSTOMER","BLOCKED","FIXTURE_OR_MUTATION","partial","pending"
"TC-M03-04-03","MODULE_TC","M03","Giao một phần (lô nhiều container)","S07_CUSTOMER","BLOCKED","FIXTURE_OR_MUTATION","partial","pending"
"TC-M03-04-04","MODULE_TC","M03","Trả vỏ quá hạn (tính phí lưu bãi)","S07_CUSTOMER","BLOCKED","FIXTURE_OR_MUTATION","partial","pending"
"TC-M03-04-05","MODULE_TC","M03","Múi giờ và thời điểm biên (gần nửa đêm / ngày lễ)","S07_CUSTOMER","BLOCKED","FIXTURE_OR_MUTATION","partial","pending"
"TC-M03-04-06","MODULE_TC","M03","Phân quyền: customer không được xác nhận thay CUS","S07_CUSTOMER","BLOCKED","FIXTURE_OR_MUTATION","partial","pending"
"TC-M03-05-01","MODULE_TC","M03","Lập theo kỳ với đủ nhóm khoản thu","S07_CUSTOMER","BLOCKED","FIXTURE_OR_MUTATION","partial","pending"
"TC-M03-05-02","MODULE_TC","M03","Còn khoản chi hộ chưa duyệt","S07_CUSTOMER","BLOCKED","FIXTURE_OR_MUTATION","partial","pending"
"TC-M03-05-03","MODULE_TC","M03","Lập lại cùng phạm vi (chống trùng kỳ)","S07_CUSTOMER","BLOCKED","FIXTURE_OR_MUTATION","partial","pending"
"TC-M03-05-04","MODULE_TC","M03","Số tiền bằng không hoặc âm (dòng giảm trừ)","S07_CUSTOMER","BLOCKED","FIXTURE_OR_MUTATION","partial","pending"
"TC-M03-05-05","MODULE_TC","M03","Xuất và gửi tài liệu (PDF bản chính thức)","S07_CUSTOMER","BLOCKED","FIXTURE_OR_MUTATION","partial","pending"
"TC-M03-05-06","MODULE_TC","M03","Phân quyền / gửi lại đồng thời","S07_CUSTOMER","BLOCKED","FIXTURE_OR_MUTATION","partial","pending"
"TC-M03-06-01","MODULE_TC","M03","Luồng xác nhận và thanh toán đủ","S07_CUSTOMER","BLOCKED","FIXTURE_OR_MUTATION","partial","pending"
"TC-M03-06-02","MODULE_TC","M03","Thanh toán một phần","S07_CUSTOMER","BLOCKED","FIXTURE_OR_MUTATION","partial","pending"
"TC-M03-06-03","MODULE_TC","M03","Sửa giấy báo nợ đã xác nhận (chặn sửa trực tiếp)","S07_CUSTOMER","BLOCKED","FIXTURE_OR_MUTATION","partial","pending"
"TC-M03-06-04","MODULE_TC","M03","Khách từ chối và nêu lý do (theo dòng)","S07_CUSTOMER","BLOCKED","FIXTURE_OR_MUTATION","partial","pending"
"TC-M03-06-05","MODULE_TC","M03","Ghi nhận trùng chứng từ thanh toán","S07_CUSTOMER","BLOCKED","FIXTURE_OR_MUTATION","partial","pending"
"TC-M03-06-06","MODULE_TC","M03","Thanh toán thừa (không làm công nợ âm)","S07_CUSTOMER","BLOCKED","FIXTURE_OR_MUTATION","partial","pending"
"TC-M03-07-01","MODULE_TC","M03","Khoản chi hộ khớp chứng từ và bảng giá","S07_CUSTOMER","BLOCKED","FIXTURE_OR_MUTATION","partial","pending"
"TC-M03-07-02","MODULE_TC","M03","Chênh lệch số tiền","S07_CUSTOMER","BLOCKED","FIXTURE_OR_MUTATION","partial","pending"
"TC-M03-07-03","MODULE_TC","M03","Thiếu chứng từ bắt buộc","S07_CUSTOMER","BLOCKED","FIXTURE_OR_MUTATION","partial","pending"
"TC-M03-07-04","MODULE_TC","M03","Chứng từ dùng trùng","S07_CUSTOMER","BLOCKED","FIXTURE_OR_MUTATION","partial","pending"
"TC-M03-07-05","MODULE_TC","M03","Đơn giá thay đổi theo ngày hiệu lực","S07_CUSTOMER","BLOCKED","FIXTURE_OR_MUTATION","partial","pending"
"TC-M03-07-06","MODULE_TC","M03","Từ chối rồi nộp lại (lịch sử)","S07_CUSTOMER","BLOCKED","FIXTURE_OR_MUTATION","partial","pending"
"TC-M04-01-01","MODULE_TC","M04","Luồng nghiệp vụ thông thường (tạo lô đủ dữ liệu tối thiểu)","S06_FORWARDER","NOT_RUN","MUTATION_NOT_AUTHORIZED","partial","pending"
"TC-M04-01-02","MODULE_TC","M04","Thiếu hoặc sai dữ liệu (thiếu trường bắt buộc, trùng mã lô)","S06_FORWARDER","NOT_RUN","MUTATION_NOT_AUTHORIZED","partial","pending"
"TC-M04-01-03","MODULE_TC","M04","Trường hợp ngoại lệ (lô nháp không được dùng để ghi chi phí / chuyển bước)","S06_FORWARDER","NOT_RUN","MUTATION_NOT_AUTHORIZED","partial","pending"
"TC-M04-01-04","MODULE_TC","M04","Kiểm soát quyền thao tác","S06_FORWARDER","NOT_RUN","MUTATION_NOT_AUTHORIZED","partial","pending"
"TC-M04-01-05","MODULE_TC","M04","Gửi lại/đồng thời + biên: trùng mã khi 2 người cùng tạo; đổi khách/container sau phát hành","S06_FORWARDER","NOT_RUN","MUTATION_NOT_AUTHORIZED","partial","pending"
"TC-M04-02-01","MODULE_TC","M04","Luồng nghiệp vụ thông thường (ghi khoản chi chờ)","S06_FORWARDER","NOT_RUN","MUTATION_NOT_AUTHORIZED","partial","pending"
"TC-M04-02-02","MODULE_TC","M04","Thiếu hoặc sai dữ liệu (thiếu ảnh, số tiền ≤ 0)","S06_FORWARDER","NOT_RUN","MUTATION_NOT_AUTHORIZED","partial","pending"
"TC-M04-02-03","MODULE_TC","M04","Trường hợp ngoại lệ (sửa khoản đã gửi duyệt, sửa khoản của người khác)","S06_FORWARDER","NOT_RUN","MUTATION_NOT_AUTHORIZED","partial","pending"
"TC-M04-02-04","MODULE_TC","M04","Kiểm soát quyền thao tác","S06_FORWARDER","NOT_RUN","MUTATION_NOT_AUTHORIZED","partial","pending"
"TC-M04-02-05","MODULE_TC","M04","Gửi lại/đồng thời + biên: gửi duyệt 2 lần; 2 người cùng sửa khoản chờ; 1 chứng từ nhiều dòng","S06_FORWARDER","NOT_RUN","MUTATION_NOT_AUTHORIZED","partial","pending"
"TC-M04-03-01","MODULE_TC","M04","Luồng nghiệp vụ thông thường (gom nhiều khoản về 1 lô)","S06_FORWARDER","NOT_RUN","MUTATION_NOT_AUTHORIZED","partial","pending"
"TC-M04-03-02","MODULE_TC","M04","Thiếu hoặc sai dữ liệu (khoản mồ côi không thuộc lô nào)","S06_FORWARDER","NOT_RUN","MUTATION_NOT_AUTHORIZED","partial","pending"
"TC-M04-03-03","MODULE_TC","M04","Trường hợp ngoại lệ (chuyển khoản nhập sai lô có kiểm soát)","S06_FORWARDER","NOT_RUN","MUTATION_NOT_AUTHORIZED","partial","pending"
"TC-M04-03-04","MODULE_TC","M04","Kiểm soát quyền thao tác","S06_FORWARDER","NOT_RUN","MUTATION_NOT_AUTHORIZED","partial","pending"
"TC-M04-03-05","MODULE_TC","M04","Gửi lại/đồng thời + biên: 2 người cùng chuyển khoản; cộng dồn sau khi chuyển","S06_FORWARDER","NOT_RUN","MUTATION_NOT_AUTHORIZED","partial","pending"
"TC-M04-04-01","MODULE_TC","M04","Luồng nghiệp vụ thông thường (duyệt từng dòng và duyệt theo đợt)","S06_FORWARDER","NOT_RUN","MUTATION_NOT_AUTHORIZED","partial","pending"
"TC-M04-04-02","MODULE_TC","M04","Thiếu hoặc sai dữ liệu (từ chối thiếu lý do)","S06_FORWARDER","NOT_RUN","MUTATION_NOT_AUTHORIZED","partial","pending"
"TC-M04-04-03","MODULE_TC","M04","Trường hợp ngoại lệ (kế toán sửa tiền khi duyệt, dòng bị từ chối được sửa+gửi lại)","S06_FORWARDER","NOT_RUN","MUTATION_NOT_AUTHORIZED","partial","pending"
"TC-M04-04-04","MODULE_TC","M04","Kiểm soát quyền thao tác (maker-checker, không tự duyệt)","S06_FORWARDER","NOT_RUN","MUTATION_NOT_AUTHORIZED","partial","pending"
"TC-M04-04-05","MODULE_TC","M04","Gửi lại/đồng thời + biên: 2 người cùng duyệt 1 dòng; duyệt đợt có dòng lỗi","S06_FORWARDER","NOT_RUN","MUTATION_NOT_AUTHORIZED","partial","pending"
"TC-M04-05-01","MODULE_TC","M04","Luồng nghiệp vụ thông thường (sinh giấy báo nợ từ khoản đã duyệt)","S06_FORWARDER","NOT_RUN","MUTATION_NOT_AUTHORIZED","partial","pending"
"TC-M04-05-02","MODULE_TC","M04","Thiếu hoặc sai dữ liệu (trùng khoản đã có trên giấy báo nợ khác)","S06_FORWARDER","NOT_RUN","MUTATION_NOT_AUTHORIZED","partial","pending"
"TC-M04-05-03","MODULE_TC","M04","Trường hợp ngoại lệ (khoản duyệt muộn sau khi kỳ đã phát hành)","S06_FORWARDER","NOT_RUN","MUTATION_NOT_AUTHORIZED","partial","pending"
"TC-M04-05-04","MODULE_TC","M04","Kiểm soát quyền thao tác","S06_FORWARDER","NOT_RUN","MUTATION_NOT_AUTHORIZED","partial","pending"
"TC-M04-05-05","MODULE_TC","M04","Gửi lại/đồng thời + biên: lập 2 giấy báo nợ cùng khách/cùng kỳ; khách theo tuần","S06_FORWARDER","NOT_RUN","MUTATION_NOT_AUTHORIZED","partial","pending"
"TC-M04-06-01","MODULE_TC","M04","Luồng nghiệp vụ thông thường (khoản có hóa đơn đủ thông tin)","S06_FORWARDER","NOT_RUN","MUTATION_NOT_AUTHORIZED","partial","pending"
"TC-M04-06-02","MODULE_TC","M04","Thiếu hoặc sai dữ liệu (thiếu trường hóa đơn, sai số tiền trước thuế + thuế)","S06_FORWARDER","NOT_RUN","MUTATION_NOT_AUTHORIZED","partial","pending"
"TC-M04-06-03","MODULE_TC","M04","Trường hợp ngoại lệ (thay thế hóa đơn, điều chỉnh, đa dòng — tránh đếm trùng)","S06_FORWARDER","NOT_RUN","MUTATION_NOT_AUTHORIZED","partial","pending"
"TC-M04-06-04","MODULE_TC","M04","Kiểm soát quyền thao tác","S06_FORWARDER","NOT_RUN","MUTATION_NOT_AUTHORIZED","partial","pending"
"TC-M04-06-05","MODULE_TC","M04","Gửi lại/đồng thời + biên: cùng số hóa đơn 2 lô; thuế suất ngoại lệ 0%/5%/10%","S06_FORWARDER","NOT_RUN","MUTATION_NOT_AUTHORIZED","partial","pending"
"TC-M04-07-01","MODULE_TC","M04","Luồng nghiệp vụ thông thường (khoản chi hộ không hóa đơn, đủ căn cứ)","S06_FORWARDER","NOT_RUN","MUTATION_NOT_AUTHORIZED","partial","pending"
"TC-M04-07-02","MODULE_TC","M04","Thiếu hoặc sai dữ liệu (thiếu ảnh/geotag, hạng mục ngoài danh sách)","S06_FORWARDER","NOT_RUN","MUTATION_NOT_AUTHORIZED","partial","pending"
"TC-M04-07-03","MODULE_TC","M04","Trường hợp ngoại lệ (thiếu căn cứ → trả về không duyệt; ngưỡng Q13 chống chia nhỏ)","S06_FORWARDER","NOT_RUN","MUTATION_NOT_AUTHORIZED","partial","pending"
"TC-M04-07-04","MODULE_TC","M04","Kiểm soát quyền thao tác (phân cấp duyệt Q14, maker-checker)","S06_FORWARDER","NOT_RUN","MUTATION_NOT_AUTHORIZED","partial","pending"
"TC-M04-07-05","MODULE_TC","M04","Gửi lại/đồng thời + biên: duyệt đồng thời khoản >5M; biên đúng ngưỡng; gửi lại khoản bị trả về","S06_FORWARDER","NOT_RUN","MUTATION_NOT_AUTHORIZED","partial","pending"
"TC-M05-01-01","MODULE_TC","M05","Hiển thị & tính toán thông thường","S04_ACCOUNTANT","NOT_RUN","NOT_DIRECTLY_EVIDENCED","partial","pending"
"TC-M05-01-02","MODULE_TC","M05","Không có dữ liệu / thiếu dữ liệu","S04_ACCOUNTANT","NOT_RUN","NOT_DIRECTLY_EVIDENCED","partial","pending"
"TC-M05-01-03","MODULE_TC","M05","Giá trị biên (khoản thanh toán đúng bằng nợ; huỷ GN ngay trước và sau khi thu)","S04_ACCOUNTANT","NOT_RUN","NOT_DIRECTLY_EVIDENCED","partial","pending"
"TC-M05-01-04","MODULE_TC","M05","Thay đổi / ngoại lệ / phân quyền (không sửa trực tiếp số dư)","S04_ACCOUNTANT","NOT_RUN","NOT_DIRECTLY_EVIDENCED","partial","pending"
"TC-M05-01-05","MODULE_TC","M05","Gửi lại / đồng thời / tính nhất quán (đối chiếu nhiều màn)","S04_ACCOUNTANT","NOT_RUN","NOT_DIRECTLY_EVIDENCED","partial","pending"
"TC-M05-02-01","MODULE_TC","M05","Hiển thị & tính toán thông thường","S04_ACCOUNTANT","NOT_RUN","NOT_DIRECTLY_EVIDENCED","partial","pending"
"TC-M05-02-02","MODULE_TC","M05","Không có dữ liệu","S04_ACCOUNTANT","NOT_RUN","NOT_DIRECTLY_EVIDENCED","partial","pending"
"TC-M05-02-03","MODULE_TC","M05","Giá trị biên (ranh giới ngày và multi-group)","S04_ACCOUNTANT","NOT_RUN","NOT_DIRECTLY_EVIDENCED","partial","pending"
"TC-M05-02-04","MODULE_TC","M05","Thay đổi / ngoại lệ / phân quyền (khoản tranh chấp, chưa đến hạn)","S04_ACCOUNTANT","NOT_RUN","NOT_DIRECTLY_EVIDENCED","partial","pending"
"TC-M05-02-05","MODULE_TC","M05","Gửi lại / đồng thời / tính nhất quán (đổi ngày khoá)","S04_ACCOUNTANT","NOT_RUN","NOT_DIRECTLY_EVIDENCED","partial","pending"
"TC-M05-03-01","MODULE_TC","M05","Hiển thị & tính toán thông thường (cảnh báo gần & vượt)","S04_ACCOUNTANT","NOT_RUN","NOT_DIRECTLY_EVIDENCED","partial","pending"
"TC-M05-03-02","MODULE_TC","M05","Không có / thiếu dữ liệu (khách chưa cấu hình hạn mức)","S04_ACCOUNTANT","NOT_RUN","NOT_DIRECTLY_EVIDENCED","partial","pending"
"TC-M05-03-03","MODULE_TC","M05","Giá trị biên (đúng 80% và đúng 100%)","S04_ACCOUNTANT","NOT_RUN","NOT_DIRECTLY_EVIDENCED","partial","pending"
"TC-M05-03-04","MODULE_TC","M05","Thay đổi / ngoại lệ / phân quyền (phê duyệt vượt hạn mức)","S04_ACCOUNTANT","NOT_RUN","NOT_DIRECTLY_EVIDENCED","partial","pending"
"TC-M05-03-05","MODULE_TC","M05","Gửi lại / đồng thời / tính nhất quán (2 người cùng duyệt ngoại lệ)","S04_ACCOUNTANT","NOT_RUN","NOT_DIRECTLY_EVIDENCED","partial","pending"
"TC-M05-04-01","MODULE_TC","M05","Hiển thị & tính toán thông thường","S04_ACCOUNTANT","NOT_RUN","NOT_DIRECTLY_EVIDENCED","partial","pending"
"TC-M05-04-02","MODULE_TC","M05","Không có dữ liệu / thiếu nhóm","S04_ACCOUNTANT","NOT_RUN","NOT_DIRECTLY_EVIDENCED","partial","pending"
"TC-M05-04-03","MODULE_TC","M05","Giá trị biên (giao dịch chỉ có VAT; chi hộ không VAT; cước 0)","S04_ACCOUNTANT","NOT_RUN","NOT_DIRECTLY_EVIDENCED","partial","pending"
"TC-M05-04-04","MODULE_TC","M05","Thay đổi / ngoại lệ / phân quyền (thanh toán không chỉ định nhóm)","S04_ACCOUNTANT","NOT_RUN","NOT_DIRECTLY_EVIDENCED","partial","pending"
"TC-M05-04-05","MODULE_TC","M05","Gửi lại / đồng thời / tính nhất quán (đối chiếu tổng)","S04_ACCOUNTANT","NOT_RUN","NOT_DIRECTLY_EVIDENCED","partial","pending"
"TC-M05-05-01","MODULE_TC","M05","Hiển thị & tính toán thông thường","S04_ACCOUNTANT","NOT_RUN","NOT_DIRECTLY_EVIDENCED","partial","pending"
"TC-M05-05-02","MODULE_TC","M05","Không có dữ liệu","S04_ACCOUNTANT","NOT_RUN","NOT_DIRECTLY_EVIDENCED","partial","pending"
"TC-M05-05-03","MODULE_TC","M05","Giá trị biên (khách có số dư nhưng 0 giao dịch trong kỳ)","S04_ACCOUNTANT","NOT_RUN","NOT_DIRECTLY_EVIDENCED","partial","pending"
"TC-M05-05-04","MODULE_TC","M05","Thay đổi / ngoại lệ / phân quyền (xuất báo cáo & đối soát)","S04_ACCOUNTANT","NOT_RUN","NOT_DIRECTLY_EVIDENCED","partial","pending"
"TC-M05-05-05","MODULE_TC","M05","Gửi lại / đồng thời / tính nhất quán (3-way reconciliation)","S04_ACCOUNTANT","NOT_RUN","NOT_DIRECTLY_EVIDENCED","partial","pending"
"TC-M05-06-01","MODULE_TC","M05","Hiển thị & tính toán thông thường (phân bổ theo chỉ dẫn)","S04_ACCOUNTANT","NOT_RUN","NOT_DIRECTLY_EVIDENCED","partial","pending"
"TC-M05-06-02","MODULE_TC","M05","Không có dữ liệu / thiếu (không có chỉ dẫn → gợi ý oldest-first)","S04_ACCOUNTANT","NOT_RUN","NOT_DIRECTLY_EVIDENCED","partial","pending"
"TC-M05-06-03","MODULE_TC","M05","Giá trị biên (thanh toán đúng bằng nợ; tiền thừa)","S04_ACCOUNTANT","NOT_RUN","NOT_DIRECTLY_EVIDENCED","partial","pending"
"TC-M05-06-04","MODULE_TC","M05","Thay đổi / ngoại lệ / phân quyền (phân bổ quá mức bị chặn)","S04_ACCOUNTANT","NOT_RUN","NOT_DIRECTLY_EVIDENCED","partial","pending"
"TC-M05-06-05","MODULE_TC","M05","Gửi lại / đồng thời / tính nhất quán (re-allocate & đối soát)","S04_ACCOUNTANT","NOT_RUN","NOT_DIRECTLY_EVIDENCED","partial","pending"
"TC-M05-07-01","MODULE_TC","M05","Hiển thị & tính toán thông thường (lịch gửi đúng quy tắc)","S04_ACCOUNTANT","NOT_RUN","NOT_DIRECTLY_EVIDENCED","partial","pending"
"TC-M05-07-02","MODULE_TC","M05","Không có dữ liệu (không có GN đến hạn trong kỳ)","S04_ACCOUNTANT","NOT_RUN","NOT_DIRECTLY_EVIDENCED","partial","pending"
"TC-M05-07-03","MODULE_TC","M05","Giá trị biên (cuối tuần/lễ; 2 GN cùng hạn cùng khách)","S04_ACCOUNTANT","NOT_RUN","NOT_DIRECTLY_EVIDENCED","partial","pending"
"TC-M05-07-04","MODULE_TC","M05","Thay đổi / ngoại lệ / phân quyền (bỏ qua khách đã thu/tranh chấp/tạm dừng)","S04_ACCOUNTANT","NOT_RUN","NOT_DIRECTLY_EVIDENCED","partial","pending"
"TC-M05-07-05","MODULE_TC","M05","Gửi lại / đồng thời / tính nhất quán (retry kênh lỗi)","S04_ACCOUNTANT","NOT_RUN","NOT_DIRECTLY_EVIDENCED","partial","pending"
"TC-M05-08-01","MODULE_TC","M05","Hiển thị & tính toán thông thường (xuất giấy báo nợ)","S04_ACCOUNTANT","NOT_RUN","NOT_DIRECTLY_EVIDENCED","partial","pending"
"TC-M05-08-02","MODULE_TC","M05","Không có dữ liệu / thiếu (GN chưa có giao dịch)","S04_ACCOUNTANT","NOT_RUN","NOT_DIRECTLY_EVIDENCED","partial","pending"
"TC-M05-08-03","MODULE_TC","M05","Giá trị biên (số liệu lớn, nhiều trang, ký tự tiếng Việt)","S04_ACCOUNTANT","NOT_RUN","NOT_DIRECTLY_EVIDENCED","partial","pending"
"TC-M05-08-04","MODULE_TC","M05","Thay đổi / ngoại lệ / phân quyền (đổi sau gửi → tạo phiên bản mới)","S04_ACCOUNTANT","NOT_RUN","NOT_DIRECTLY_EVIDENCED","partial","pending"
"TC-M05-08-05","MODULE_TC","M05","Gửi lại / đồng thời / tính nhất quán (đối soát xuất ↔ màn hình ↔ cổng)","S04_ACCOUNTANT","NOT_RUN","NOT_DIRECTLY_EVIDENCED","partial","pending"
"TC-M06-01-01","MODULE_TC","M06","Luồng nghiệp vụ thông thường","S04_ACCOUNTANT","NOT_RUN","NOT_DIRECTLY_EVIDENCED","partial","pending"
"TC-M06-01-02","MODULE_TC","M06","Thiếu hoặc sai dữ liệu","S04_ACCOUNTANT","NOT_RUN","NOT_DIRECTLY_EVIDENCED","partial","pending"
"TC-M06-01-03","MODULE_TC","M06","Trường hợp ngoại lệ (chênh lệch số lit / hóa đơn điều chỉnh phải giải trình)","S04_ACCOUNTANT","NOT_RUN","NOT_DIRECTLY_EVIDENCED","partial","pending"
"TC-M06-01-04","MODULE_TC","M06","Kiểm soát quyền thao tác","S04_ACCOUNTANT","NOT_RUN","NOT_DIRECTLY_EVIDENCED","partial","pending"
"TC-M06-01-05","MODULE_TC","M06","Gửi lại/đồng thời + biên: 1 hóa đơn nhiều xe; thanh toán một phần; hóa đơn đến sau kỳ","S04_ACCOUNTANT","NOT_RUN","NOT_DIRECTLY_EVIDENCED","partial","pending"
"TC-M06-02-01","MODULE_TC","M06","Luồng nghiệp vụ thông thường","S04_ACCOUNTANT","NOT_RUN","NOT_DIRECTLY_EVIDENCED","partial","pending"
"TC-M06-02-02","MODULE_TC","M06","Thiếu hoặc sai dữ liệu","S04_ACCOUNTANT","NOT_RUN","NOT_DIRECTLY_EVIDENCED","partial","pending"
"TC-M06-02-03","MODULE_TC","M06","Trường hợp ngoại lệ (NCC chưa có hồ sơ + khoản không có hóa đơn)","S04_ACCOUNTANT","NOT_RUN","NOT_DIRECTLY_EVIDENCED","partial","pending"
"TC-M06-02-04","MODULE_TC","M06","Kiểm soát quyền thao tác","S04_ACCOUNTANT","NOT_RUN","NOT_DIRECTLY_EVIDENCED","partial","pending"
"TC-M06-02-05","MODULE_TC","M06","Gửi lại/đồng thời + biên: NCC cũng là khách hàng; 1 hóa đơn nhiều lô; đổi tên NCC","S04_ACCOUNTANT","NOT_RUN","NOT_DIRECTLY_EVIDENCED","partial","pending"
"TC-M06-03-01","MODULE_TC","M06","Luồng nghiệp vụ thông thường","S04_ACCOUNTANT","NOT_RUN","NOT_DIRECTLY_EVIDENCED","partial","pending"
"TC-M06-03-02","MODULE_TC","M06","Thiếu hoặc sai dữ liệu","S04_ACCOUNTANT","NOT_RUN","NOT_DIRECTLY_EVIDENCED","partial","pending"
"TC-M06-03-03","MODULE_TC","M06","Trường hợp ngoại lệ (trả trước / trả thừa → tạm ứng hoặc chưa phân bổ)","S04_ACCOUNTANT","NOT_RUN","NOT_DIRECTLY_EVIDENCED","partial","pending"
"TC-M06-03-04","MODULE_TC","M06","Kiểm soát quyền thao tác","S04_ACCOUNTANT","NOT_RUN","NOT_DIRECTLY_EVIDENCED","partial","pending"
"TC-M06-03-05","MODULE_TC","M06","Gửi lại/đồng thời + biên: đúng hạn; ngày nghỉ; 1 khoản chi nhiều hóa đơn","S04_ACCOUNTANT","NOT_RUN","NOT_DIRECTLY_EVIDENCED","partial","pending"
"TC-M06-04-01","MODULE_TC","M06","Luồng nghiệp vụ thông thường","S04_ACCOUNTANT","NOT_RUN","NOT_DIRECTLY_EVIDENCED","partial","pending"
"TC-M06-04-02","MODULE_TC","M06","Thiếu hoặc sai dữ liệu","S04_ACCOUNTANT","NOT_RUN","NOT_DIRECTLY_EVIDENCED","partial","pending"
"TC-M06-04-03","MODULE_TC","M06","Trường hợp ngoại lệ (yêu cầu bị từ chối / hủy sau duyệt)","S04_ACCOUNTANT","NOT_RUN","NOT_DIRECTLY_EVIDENCED","partial","pending"
"TC-M06-04-04","MODULE_TC","M06","Kiểm soát quyền thao tác","S04_ACCOUNTANT","NOT_RUN","NOT_DIRECTLY_EVIDENCED","partial","pending"
"TC-M06-04-05","MODULE_TC","M06","Gửi lại/đồng thời + biên: số dư đổi trong lúc chờ duyệt; đối trừ một phần; 2 yêu cầu đồng thời","S04_ACCOUNTANT","NOT_RUN","NOT_DIRECTLY_EVIDENCED","partial","pending"
"TC-M07-01-01","MODULE_TC","M07","Luồng nghiệp vụ thông thường","S04_ACCOUNTANT","NOT_RUN","NOT_DIRECTLY_EVIDENCED","partial","pending"
"TC-M07-01-02","MODULE_TC","M07","Thiếu hoặc sai dữ liệu","S04_ACCOUNTANT","NOT_RUN","NOT_DIRECTLY_EVIDENCED","partial","pending"
"TC-M07-01-03","MODULE_TC","M07","Giá trị biên (lái xe đổi xe; chuyến qua hai kỳ; nghỉ việc giữa tháng)","S04_ACCOUNTANT","NOT_RUN","NOT_DIRECTLY_EVIDENCED","partial","pending"
"TC-M07-01-04","MODULE_TC","M07","Thay đổi hoặc ngoại lệ (mở khóa/điều chỉnh sau chốt kỳ)","S04_ACCOUNTANT","NOT_RUN","NOT_DIRECTLY_EVIDENCED","partial","pending"
"TC-M07-01-05","MODULE_TC","M07","Tính nhất quán (tính lại, tải lại, khớp báo cáo)","S04_ACCOUNTANT","NOT_RUN","NOT_DIRECTLY_EVIDENCED","partial","pending"
"TC-M07-02-01","MODULE_TC","M07","Luồng nghiệp vụ thông thường","S04_ACCOUNTANT","NOT_RUN","NOT_DIRECTLY_EVIDENCED","partial","pending"
"TC-M07-02-02","MODULE_TC","M07","Thiếu hoặc sai dữ liệu","S04_ACCOUNTANT","NOT_RUN","NOT_DIRECTLY_EVIDENCED","partial","pending"
"TC-M07-02-03","MODULE_TC","M07","Trường hợp ngoại lệ (xung đột ngày chuyến ↔ nghỉ; sửa sau chốt)","S04_ACCOUNTANT","NOT_RUN","NOT_DIRECTLY_EVIDENCED","partial","pending"
"TC-M07-02-04","MODULE_TC","M07","Kiểm soát quyền thao tác","S04_ACCOUNTANT","NOT_RUN","NOT_DIRECTLY_EVIDENCED","partial","pending"
"TC-M07-02-05","MODULE_TC","M07","Gửi lại/đồng thời + biên (chuyến qua đêm; nửa ngày; nhiều chuyến trong ngày)","S04_ACCOUNTANT","NOT_RUN","NOT_DIRECTLY_EVIDENCED","partial","pending"
"TC-M07-03-01","MODULE_TC","M07","Luồng nghiệp vụ thông thường","S04_ACCOUNTANT","NOT_RUN","NOT_DIRECTLY_EVIDENCED","partial","pending"
"TC-M07-03-02","MODULE_TC","M07","Thiếu hoặc sai dữ liệu (chặn chốt toàn kỳ)","S04_ACCOUNTANT","NOT_RUN","NOT_DIRECTLY_EVIDENCED","partial","pending"
"TC-M07-03-03","MODULE_TC","M07","Trường hợp ngoại lệ (mở kỳ có kiểm soát / lập điều chỉnh)","S04_ACCOUNTANT","NOT_RUN","NOT_DIRECTLY_EVIDENCED","partial","pending"
"TC-M07-03-04","MODULE_TC","M07","Kiểm soát quyền thao tác","S04_ACCOUNTANT","NOT_RUN","NOT_DIRECTLY_EVIDENCED","partial","pending"
"TC-M07-03-05","MODULE_TC","M07","Gửi lại/đồng thời + biên (2 người chốt cùng lúc; lái chưa có tài khoản; thực lĩnh âm)","S04_ACCOUNTANT","NOT_RUN","NOT_DIRECTLY_EVIDENCED","partial","pending"
"TC-M07-04-01","MODULE_TC","M07","Luồng nghiệp vụ thông thường","S04_ACCOUNTANT","NOT_RUN","NOT_DIRECTLY_EVIDENCED","partial","pending"
"TC-M07-04-02","MODULE_TC","M07","Thiếu hoặc sai dữ liệu","S04_ACCOUNTANT","NOT_RUN","NOT_DIRECTLY_EVIDENCED","partial","pending"
"TC-M07-04-03","MODULE_TC","M07","Trường hợp ngoại lệ (phạt trùng; hủy phạt; phạt > thực lĩnh; phạt sau chốt; khiếu nại)","S04_ACCOUNTANT","NOT_RUN","NOT_DIRECTLY_EVIDENCED","partial","pending"
"TC-M07-04-04","MODULE_TC","M07","Kiểm soát quyền thao tác (phân cấp phê duyệt theo ngưỡng)","S04_ACCOUNTANT","NOT_RUN","NOT_DIRECTLY_EVIDENCED","partial","pending"
"TC-M07-04-05","MODULE_TC","M07","Gửi lại/đồng thời + biên + nhất quán","S04_ACCOUNTANT","NOT_RUN","NOT_DIRECTLY_EVIDENCED","partial","pending"
"TC-M08-01-01","MODULE_TC","M08","Hiển thị dữ liệu thông thường","S05_DRIVER","PASS","ROLE_ROUTE_VISUAL_AND_RBAC","verified","pending"
"TC-M08-01-02","MODULE_TC","M08","Không có dữ liệu","S05_DRIVER","PASS","ROLE_ROUTE_VISUAL_AND_RBAC","verified","pending"
"TC-M08-01-03","MODULE_TC","M08","Trường hợp biên (xoay ngang, cỡ chữ lớn của hệ điều hành, mạng chậm)","S05_DRIVER","NOT_RUN","NOT_DIRECTLY_EVIDENCED","partial","pending"
"TC-M08-01-04","MODULE_TC","M08","Kiểm soát quyền xem","S05_DRIVER","PASS","ROLE_ROUTE_VISUAL_AND_RBAC","verified","pending"
"TC-M08-01-05","MODULE_TC","M08","Đối chiếu dữ liệu nguồn","S05_DRIVER","NOT_RUN","NOT_DIRECTLY_EVIDENCED","partial","pending"
"TC-M08-02-01","MODULE_TC","M08","Hiển thị dữ liệu thông thường","S05_DRIVER","PASS","ROLE_ROUTE_VISUAL_AND_RBAC","verified","pending"
"TC-M08-02-02","MODULE_TC","M08","Không có dữ liệu","S05_DRIVER","PASS","ROLE_ROUTE_VISUAL_AND_RBAC","verified","pending"
"TC-M08-02-03","MODULE_TC","M08","Trường hợp biên (cập nhật khi đang mất mạng; tài liệu nhiều trang; đổi giờ gấp)","S05_DRIVER","NOT_RUN","NOT_DIRECTLY_EVIDENCED","partial","pending"
"TC-M08-02-04","MODULE_TC","M08","Kiểm soát quyền xem","S05_DRIVER","PASS","ROLE_ROUTE_VISUAL_AND_RBAC","verified","pending"
"TC-M08-02-05","MODULE_TC","M08","Đối chiếu dữ liệu nguồn","S05_DRIVER","NOT_RUN","NOT_DIRECTLY_EVIDENCED","partial","pending"
"TC-M08-03-01","MODULE_TC","M08","Hiển thị dữ liệu thông thường","S05_DRIVER","PASS","ROLE_ROUTE_VISUAL_AND_RBAC","verified","pending"
"TC-M08-03-02","MODULE_TC","M08","Không có dữ liệu","S05_DRIVER","PASS","ROLE_ROUTE_VISUAL_AND_RBAC","verified","pending"
"TC-M08-03-03","MODULE_TC","M08","Trường hợp biên (2 lệnh qua ngày; cùng điểm nhận; lệnh 2 đổi xe)","S05_DRIVER","NOT_RUN","NOT_DIRECTLY_EVIDENCED","partial","pending"
"TC-M08-03-04","MODULE_TC","M08","Kiểm soát quyền xem","S05_DRIVER","PASS","ROLE_ROUTE_VISUAL_AND_RBAC","verified","pending"
"TC-M08-03-05","MODULE_TC","M08","Đối chiếu dữ liệu nguồn","S05_DRIVER","NOT_RUN","NOT_DIRECTLY_EVIDENCED","partial","pending"
"TC-M08-04-01","MODULE_TC","M08","Luồng nghiệp vụ thông thường","S05_DRIVER","NOT_RUN","NOT_DIRECTLY_EVIDENCED","partial","pending"
"TC-M08-04-02","MODULE_TC","M08","Thiếu hoặc sai dữ liệu","S05_DRIVER","NOT_RUN","NOT_DIRECTLY_EVIDENCED","partial","pending"
"TC-M08-04-03","MODULE_TC","M08","Trường hợp ngoại lệ (mất mạng — lưu tạm an toàn + đồng bộ)","S05_DRIVER","NOT_RUN","NOT_DIRECTLY_EVIDENCED","partial","pending"
"TC-M08-04-04","MODULE_TC","M08","Kiểm soát quyền thao tác","S05_DRIVER","NOT_RUN","NOT_DIRECTLY_EVIDENCED","partial","pending"
"TC-M08-04-05","MODULE_TC","M08","Gửi lại hoặc thao tác đồng thời (bấm 2 lần; đổi chuyến đang mở; ảnh tải thất bại)","S05_DRIVER","NOT_RUN","NOT_DIRECTLY_EVIDENCED","partial","pending"
"TC-M08-05-01","MODULE_TC","M08","Luồng nghiệp vụ thông thường","S05_DRIVER","NOT_RUN","NOT_DIRECTLY_EVIDENCED","partial","pending"
"TC-M08-05-02","MODULE_TC","M08","Thiếu hoặc sai dữ liệu","S05_DRIVER","NOT_RUN","NOT_DIRECTLY_EVIDENCED","partial","pending"
"TC-M08-05-03","MODULE_TC","M08","Trường hợp ngoại lệ (ảnh mờ / nhiều mã → yêu cầu chụp lại hoặc chọn đúng mã)","S05_DRIVER","NOT_RUN","NOT_DIRECTLY_EVIDENCED","partial","pending"
"TC-M08-05-04","MODULE_TC","M08","Kiểm soát quyền thao tác","S05_DRIVER","NOT_RUN","NOT_DIRECTLY_EVIDENCED","partial","pending"
"TC-M08-05-05","MODULE_TC","M08","Gửi lại hoặc thao tác đồng thời (ảnh xoay; ánh sáng yếu; nhiều container; không mạng)","S05_DRIVER","NOT_RUN","NOT_DIRECTLY_EVIDENCED","partial","pending"
"TC-M08-06-01","MODULE_TC","M08","Hiển thị dữ liệu thông thường","S05_DRIVER","PASS","ROLE_ROUTE_VISUAL_AND_RBAC","verified","pending"
"TC-M08-06-02","MODULE_TC","M08","Không có dữ liệu","S05_DRIVER","PASS","ROLE_ROUTE_VISUAL_AND_RBAC","verified","pending"
"TC-M08-06-03","MODULE_TC","M08","Trường hợp biên (lái xe nghỉ việc; kỳ không phát sinh chuyến; thực lĩnh = 0)","S05_DRIVER","NOT_RUN","NOT_DIRECTLY_EVIDENCED","partial","pending"
"TC-M08-06-04","MODULE_TC","M08","Kiểm soát quyền xem","S05_DRIVER","PASS","ROLE_ROUTE_VISUAL_AND_RBAC","verified","pending"
"TC-M08-06-05","MODULE_TC","M08","Đối chiếu dữ liệu nguồn","S05_DRIVER","NOT_RUN","NOT_DIRECTLY_EVIDENCED","partial","pending"
"TC-M09-01-01","MODULE_TC","M09","Luồng nghiệp vụ thông thường (đề nghị → nhận → chi → đối chiếu)","S06_FORWARDER","NOT_RUN","MUTATION_NOT_AUTHORIZED","partial","pending"
"TC-M09-01-02","MODULE_TC","M09","Thiếu hoặc sai dữ liệu bắt buộc","S06_FORWARDER","NOT_RUN","MUTATION_NOT_AUTHORIZED","partial","pending"
"TC-M09-01-03","MODULE_TC","M09","Ngoại lệ: nhiều tạm ứng cho một lô + hoàn trả số dư","S06_FORWARDER","NOT_RUN","MUTATION_NOT_AUTHORIZED","partial","pending"
"TC-M09-01-04","MODULE_TC","M09","Kiểm soát quyền thao tác (maker-checker + URL trực tiếp)","S06_FORWARDER","NOT_RUN","MUTATION_NOT_AUTHORIZED","partial","pending"
"TC-M09-01-05","MODULE_TC","M09","Gửi lại/đồng thời + biên: ngoài giờ, quá hạn, ngoại lệ được duyệt","S06_FORWARDER","NOT_RUN","MUTATION_NOT_AUTHORIZED","partial","pending"
"TC-M09-02-01","MODULE_TC","M09","Luồng ghi khoản chi thông thường (trạng thái Chờ)","S06_FORWARDER","NOT_RUN","MUTATION_NOT_AUTHORIZED","partial","pending"
"TC-M09-02-02","MODULE_TC","M09","Thiếu hoặc sai dữ liệu + lô ngoài phạm vi","S06_FORWARDER","NOT_RUN","MUTATION_NOT_AUTHORIZED","partial","pending"
"TC-M09-02-03","MODULE_TC","M09","Ngoại lệ: chọn sai lô, sửa trước duyệt, chi chung nhiều cont","S06_FORWARDER","NOT_RUN","MUTATION_NOT_AUTHORIZED","partial","pending"
"TC-M09-02-04","MODULE_TC","M09","Kiểm soát quyền: 2 khoản cùng loại hợp lệ + không sửa khoản của người khác","S06_FORWARDER","NOT_RUN","MUTATION_NOT_AUTHORIZED","partial","pending"
"TC-M09-02-05","MODULE_TC","M09","Gửi lại/đồng thời + biên: nhiều người submit cùng lúc, chi chung một phần hoàn trả","S06_FORWARDER","NOT_RUN","MUTATION_NOT_AUTHORIZED","partial","pending"
"TC-M09-03-01","MODULE_TC","M09","Luồng gợi ý đơn giá nâng hạ thông thường","S06_FORWARDER","NOT_RUN","MUTATION_NOT_AUTHORIZED","partial","pending"
"TC-M09-03-02","MODULE_TC","M09","Thiếu hoặc sai dữ liệu + sửa giá không có lý do","S06_FORWARDER","NOT_RUN","MUTATION_NOT_AUTHORIZED","partial","pending"
"TC-M09-03-03","MODULE_TC","M09","Ngoại lệ: không có bảng giá → nhập tay + đánh dấu kế toán","S06_FORWARDER","NOT_RUN","MUTATION_NOT_AUTHORIZED","partial","pending"
"TC-M09-03-04","MODULE_TC","M09","Kiểm soát quyền: hiển thị chênh lệch + giữ giá gốc","S06_FORWARDER","NOT_RUN","MUTATION_NOT_AUTHORIZED","partial","pending"
"TC-M09-03-05","MODULE_TC","M09","Gửi lại/đồng thời + biên: giá đổi trong ngày, cont đặc biệt, nhiều cảng cùng lô","S06_FORWARDER","NOT_RUN","MUTATION_NOT_AUTHORIZED","partial","pending"
"TC-M09-04-01","MODULE_TC","M09","Luồng gom khoản chi nhiều người theo lô","S06_FORWARDER","NOT_RUN","MUTATION_NOT_AUTHORIZED","partial","pending"
"TC-M09-04-02","MODULE_TC","M09","Thiếu hoặc sai dữ liệu + dòng mâu thuẫn tổng","S06_FORWARDER","NOT_RUN","MUTATION_NOT_AUTHORIZED","partial","pending"
"TC-M09-04-03","MODULE_TC","M09","Ngoại lệ: chi chung nhiều người + hoàn trả một phần","S06_FORWARDER","NOT_RUN","MUTATION_NOT_AUTHORIZED","partial","pending"
"TC-M09-04-04","MODULE_TC","M09","Kiểm soát quyền: chỉ người tạo mới sửa; chuyển tiếp/từ chối cập nhật tổng","S06_FORWARDER","NOT_RUN","MUTATION_NOT_AUTHORIZED","partial","pending"
"TC-M09-04-05","MODULE_TC","M09","Gửi lại/đồng thời + biên: nhiều người submit cùng lúc, đối chiếu chéo","S06_FORWARDER","NOT_RUN","MUTATION_NOT_AUTHORIZED","partial","pending"
"TC-M09-05-01","MODULE_TC","M09","Luồng tải ảnh chứng từ thông thường","S06_FORWARDER","NOT_RUN","MUTATION_NOT_AUTHORIZED","partial","pending"
"TC-M09-05-02","MODULE_TC","M09","Thiếu hoặc sai dữ liệu: sai loại tệp, quá kích thước","S06_FORWARDER","NOT_RUN","MUTATION_NOT_AUTHORIZED","partial","pending"
"TC-M09-05-03","MODULE_TC","M09","Ngoại lệ: hóa đơn nhiều trang, ảnh xoay","S06_FORWARDER","NOT_RUN","MUTATION_NOT_AUTHORIZED","partial","pending"
"TC-M09-05-04","MODULE_TC","M09","Kiểm soát quyền: kế toán mở bản gốc, forwarder chỉ xem của mình","S06_FORWARDER","NOT_RUN","MUTATION_NOT_AUTHORIZED","partial","pending"
"TC-M09-05-05","MODULE_TC","M09","Gửi lại/đồng thời + biên: mạng yếu, tải lỗi, thử lại không trùng","S06_FORWARDER","NOT_RUN","MUTATION_NOT_AUTHORIZED","partial","pending"
"TC-M10-01-01","MODULE_TC","M10","Tạo lô nháp thành công trên mobile (luồng thường)","S08_CLERK","NOT_RUN","MUTATION_NOT_AUTHORIZED","partial","pending"
"TC-M10-01-02","MODULE_TC","M10","Thiếu trường bắt buộc (khách hàng)","S08_CLERK","NOT_RUN","MUTATION_NOT_AUTHORIZED","partial","pending"
"TC-M10-01-03","MODULE_TC","M10","Ngoại lệ: mất kết nối khi lưu, gửi lại không trùng","S08_CLERK","NOT_RUN","MUTATION_NOT_AUTHORIZED","partial","pending"
"TC-M10-01-04","MODULE_TC","M10","Phân quyền: vai trò ngoài CLERK/ADMIN không vào được","S08_CLERK","PASS","ROLE_RBAC","verified","pending"
"TC-M10-01-05","MODULE_TC","M10","Biên: tạo liên tiếp nhiều lô & lô tạo lúc qua đêm (00:00)","S08_CLERK","NOT_RUN","MUTATION_NOT_AUTHORIZED","partial","pending"
"TC-M10-02-01","MODULE_TC","M10","Nhập B/L + công-te-nơ hợp lệ, lưu thành công (luồng thường)","S08_CLERK","NOT_RUN","MUTATION_NOT_AUTHORIZED","partial","pending"
"TC-M10-02-02","MODULE_TC","M10","Số công-te-nơ sai định dạng / sai check digit","S08_CLERK","NOT_RUN","MUTATION_NOT_AUTHORIZED","partial","pending"
"TC-M10-02-03","MODULE_TC","M10","Ngoại lệ: 1 tờ khai nhiều công-te-nơ & readiness thiếu","S08_CLERK","NOT_RUN","MUTATION_NOT_AUTHORIZED","partial","pending"
"TC-M10-02-04","MODULE_TC","M10","Phân quyền: CLERK không thấy nút ""Điều vận""","S08_CLERK","PASS","ROLE_RBAC","verified","pending"
"TC-M10-02-05","MODULE_TC","M10","Gửi lại/đồng thời: lưu B/L 2 lần nhanh; sửa cont khi dispatch đang xem","S08_CLERK","NOT_RUN","MUTATION_NOT_AUTHORIZED","partial","pending"
"TC-M10-03-01","MODULE_TC","M10","Bàn giao lô cho điều vận, nhận thông báo (luồng thường)","S08_CLERK","NOT_RUN","MUTATION_NOT_AUTHORIZED","partial","pending"
"TC-M10-03-02","MODULE_TC","M10","Thiếu/sai: bàn giao lô không tồn tại hoặc đã có handoff active","S08_CLERK","NOT_RUN","MUTATION_NOT_AUTHORIZED","partial","pending"
"TC-M10-03-03","MODULE_TC","M10","Ngoại lệ: sửa lô khi điều vận đang xem → cảnh báo version conflict","S08_CLERK","NOT_RUN","MUTATION_NOT_AUTHORIZED","partial","pending"
"TC-M10-03-04","MODULE_TC","M10","Phân quyền: chỉ người xử lý / vai trò đúng mới được resolve","S08_CLERK","PASS","ROLE_RBAC","verified","pending"
"TC-M10-03-05","MODULE_TC","M10","Gửi lại/đồng thời & biên: ngoài giờ, nhiều dispatcher, thu hồi trước gán xe","S08_CLERK","NOT_RUN","MUTATION_NOT_AUTHORIZED","partial","pending"
"TC-M11-01-01","MODULE_TC","M11","Luồng nghiệp vụ thông thường","S03_MANAGER","NOT_RUN","NOT_DIRECTLY_EVIDENCED","partial","pending"
"TC-M11-01-02","MODULE_TC","M11","Thiếu hoặc sai dữ liệu (kỳ chưa khóa → cảnh báo; thiếu chi phí chuyến)","S03_MANAGER","NOT_RUN","NOT_DIRECTLY_EVIDENCED","partial","pending"
"TC-M11-01-03","MODULE_TC","M11","Trường hợp ngoại lệ (điều chỉnh hồi tố sau khi mở kỳ)","S03_MANAGER","NOT_RUN","NOT_DIRECTLY_EVIDENCED","partial","pending"
"TC-M11-01-04","MODULE_TC","M11","Kiểm soát quyền thao tác","S03_MANAGER","NOT_RUN","NOT_DIRECTLY_EVIDENCED","partial","pending"
"TC-M11-01-05","MODULE_TC","M11","Gửi lại/đồng thời + biên: cắt kỳ giữa tháng; giá trị 0/âm; chuyến hủy","S03_MANAGER","NOT_RUN","NOT_DIRECTLY_EVIDENCED","partial","pending"
"TC-M11-02-01","MODULE_TC","M11","Luồng nghiệp vụ thông thường","S03_MANAGER","NOT_RUN","NOT_DIRECTLY_EVIDENCED","partial","pending"
"TC-M11-02-02","MODULE_TC","M11","Thiếu hoặc sai dữ liệu (chi phí moóc/chung chưa phân bổ)","S03_MANAGER","NOT_RUN","NOT_DIRECTLY_EVIDENCED","partial","pending"
"TC-M11-02-03","MODULE_TC","M11","Trường hợp ngoại lệ (đổi đầu xe giữa chuyến)","S03_MANAGER","NOT_RUN","NOT_DIRECTLY_EVIDENCED","partial","pending"
"TC-M11-02-04","MODULE_TC","M11","Đầu xe không có chuyến nhưng có chi phí / đầu xe ngừng hoạt động","S03_MANAGER","NOT_RUN","NOT_DIRECTLY_EVIDENCED","partial","pending"
"TC-M11-02-05","MODULE_TC","M11","Chi phí bảo dưỡng xuyên kỳ","S03_MANAGER","NOT_RUN","NOT_DIRECTLY_EVIDENCED","partial","pending"
"TC-M11-03-01","MODULE_TC","M11","Luồng nghiệp vụ thông thường","S03_MANAGER","NOT_RUN","NOT_DIRECTLY_EVIDENCED","partial","pending"
"TC-M11-03-02","MODULE_TC","M11","Thiếu hoặc sai dữ liệu (khoản bị từ chối)","S03_MANAGER","NOT_RUN","NOT_DIRECTLY_EVIDENCED","partial","pending"
"TC-M11-03-03","MODULE_TC","M11","Trường hợp ngoại lệ (phiếu xuyên kỳ)","S03_MANAGER","NOT_RUN","NOT_DIRECTLY_EVIDENCED","partial","pending"
"TC-M11-03-04","MODULE_TC","M11","Một người nhiều phiếu + hoàn ứng một phần","S03_MANAGER","NOT_RUN","NOT_DIRECTLY_EVIDENCED","partial","pending"
"TC-M11-03-05","MODULE_TC","M11","Nhân viên đã nghỉ việc còn số dư","S03_MANAGER","NOT_RUN","NOT_DIRECTLY_EVIDENCED","partial","pending"
"TC-M11-04-01","MODULE_TC","M11","Luồng nghiệp vụ thông thường","S03_MANAGER","NOT_RUN","NOT_DIRECTLY_EVIDENCED","partial","pending"
"TC-M11-04-02","MODULE_TC","M11","Thiếu hoặc sai dữ liệu (chưa thanh toán)","S03_MANAGER","NOT_RUN","NOT_DIRECTLY_EVIDENCED","partial","pending"
"TC-M11-04-03","MODULE_TC","M11","Thanh toán một phần + trả trước","S03_MANAGER","NOT_RUN","NOT_DIRECTLY_EVIDENCED","partial","pending"
"TC-M11-04-04","MODULE_TC","M11","Nhiều lần thanh toán + điều chỉnh ngày thanh toán","S03_MANAGER","NOT_RUN","NOT_DIRECTLY_EVIDENCED","partial","pending"
"TC-M11-04-05","MODULE_TC","M11","Thanh toán cuối tuần/ngày lễ","S03_MANAGER","NOT_RUN","NOT_DIRECTLY_EVIDENCED","partial","pending"
"TC-M11-05-01","MODULE_TC","M11","Luồng nghiệp vụ thông thường","S03_MANAGER","NOT_RUN","NOT_DIRECTLY_EVIDENCED","partial","pending"
"TC-M11-05-02","MODULE_TC","M11","Thiếu hoặc sai dữ liệu (dữ liệu cũ/chưa đồng bộ)","S03_MANAGER","NOT_RUN","NOT_DIRECTLY_EVIDENCED","partial","pending"
"TC-M11-05-03","MODULE_TC","M11","Trường hợp ngoại lệ (giao dịch bất thường lớn)","S03_MANAGER","NOT_RUN","NOT_DIRECTLY_EVIDENCED","partial","pending"
"TC-M11-05-04","MODULE_TC","M11","Kiểm soát quyền thao tác","S03_MANAGER","NOT_RUN","NOT_DIRECTLY_EVIDENCED","partial","pending"
"TC-M11-05-05","MODULE_TC","M11","Biên: không có chuyến trong kỳ; đầu xe mới; dữ liệu đang đồng bộ","S03_MANAGER","NOT_RUN","NOT_DIRECTLY_EVIDENCED","partial","pending"
"TC-M11-06-01","MODULE_TC","M11","Luồng nghiệp vụ thông thường","S03_MANAGER","NOT_RUN","NOT_DIRECTLY_EVIDENCED","partial","pending"
"TC-M11-06-02","MODULE_TC","M11","Thiếu hoặc sai dữ liệu (câu hỏi mơ hồ → hỏi lại)","S03_MANAGER","NOT_RUN","NOT_DIRECTLY_EVIDENCED","partial","pending"
"TC-M11-06-03","MODULE_TC","M11","Trường hợp ngoại lệ (không có dữ liệu)","S03_MANAGER","NOT_RUN","NOT_DIRECTLY_EVIDENCED","partial","pending"
"TC-M11-06-04","MODULE_TC","M11","Kiểm soát quyền / nội dung nhạy cảm","S03_MANAGER","NOT_RUN","NOT_DIRECTLY_EVIDENCED","partial","pending"
"TC-M11-06-05","MODULE_TC","M11","Biên: hỏi bằng giọng nói; nhiều KPI; ""hôm qua"" múi giờ; ngoài phạm vi","S03_MANAGER","NOT_RUN","NOT_DIRECTLY_EVIDENCED","partial","pending"
"TC-M12-01-01","MODULE_TC","M12","Luồng nghiệp vụ thông thường","S04_ACCOUNTANT","NOT_RUN","NOT_DIRECTLY_EVIDENCED","partial","pending"
"TC-M12-01-02","MODULE_TC","M12","Thiếu hoặc sai dữ liệu","S04_ACCOUNTANT","NOT_RUN","NOT_DIRECTLY_EVIDENCED","partial","pending"
"TC-M12-01-03","MODULE_TC","M12","Giá trị biên (tuyến nhiều chặng; chuyến có cả loaded & empty; định mức đổi giữa tháng)","S04_ACCOUNTANT","NOT_RUN","NOT_DIRECTLY_EVIDENCED","partial","pending"
"TC-M12-01-04","MODULE_TC","M12","Thay đổi hoặc ngoại lệ (sửa số lit thực tế phải có lý do; tuyến đồi núi dùng khoán)","S04_ACCOUNTANT","NOT_RUN","NOT_DIRECTLY_EVIDENCED","partial","pending"
"TC-M12-01-05","MODULE_TC","M12","Tính nhất quán (chuyến đã chốt không tự đổi khi đổi cấu hình; tái tính không đổi)","S04_ACCOUNTANT","NOT_RUN","NOT_DIRECTLY_EVIDENCED","partial","pending"
"TC-M12-02-01","MODULE_TC","M12","Luồng nghiệp vụ thông thường","S04_ACCOUNTANT","NOT_RUN","NOT_DIRECTLY_EVIDENCED","partial","pending"
"TC-M12-02-02","MODULE_TC","M12","Thiếu hoặc sai dữ liệu (hóa đơn nhiều xe thiếu căn cứ — không cho duyệt)","S04_ACCOUNTANT","NOT_RUN","NOT_DIRECTLY_EVIDENCED","partial","pending"
"TC-M12-02-03","MODULE_TC","M12","Trường hợp ngoại lệ (hóa đơn nhiều xe có căn cứ; phân bổ theo lit thực tế)","S04_ACCOUNTANT","NOT_RUN","NOT_DIRECTLY_EVIDENCED","partial","pending"
"TC-M12-02-04","MODULE_TC","M12","Kiểm soát quyền thao tác","S04_ACCOUNTANT","NOT_RUN","NOT_DIRECTLY_EVIDENCED","partial","pending"
"TC-M12-02-05","MODULE_TC","M12","Gửi lại/đồng thời + biên (lit âm hoàn/trả; hóa đơn điều chỉnh; chuyến qua hai kỳ)","S04_ACCOUNTANT","NOT_RUN","NOT_DIRECTLY_EVIDENCED","partial","pending"
"TC-M12-03-01","MODULE_TC","M12","Luồng nghiệp vụ thông thường","S04_ACCOUNTANT","NOT_RUN","NOT_DIRECTLY_EVIDENCED","partial","pending"
"TC-M12-03-02","MODULE_TC","M12","Thiếu hoặc sai dữ liệu (ảnh mờ; OCR không đọc được)","S04_ACCOUNTANT","NOT_RUN","NOT_DIRECTLY_EVIDENCED","partial","pending"
"TC-M12-03-03","MODULE_TC","M12","Giá trị biên (phép toán lệch ngoài dung sai; nhiều màn hình trong ảnh)","S04_ACCOUNTANT","NOT_RUN","NOT_DIRECTLY_EVIDENCED","partial","pending"
"TC-M12-03-04","MODULE_TC","M12","Thay đổi hoặc ngoại lệ (chụp lại ảnh; tắt location; mất mạng)","S04_ACCOUNTANT","NOT_RUN","NOT_DIRECTLY_EVIDENCED","partial","pending"
"TC-M12-03-05","MODULE_TC","M12","Phân quyền (chỉ lái của chuyến được chụp; `ketoan` xác nhận)","S04_ACCOUNTANT","NOT_RUN","NOT_DIRECTLY_EVIDENCED","partial","pending"
